name,national_dex,kanto_dex,joto_dex,joto_dex_hs,hoenn_dex,hoenn_dex_oa,sinnoh_dex,sinnoh_dex_p,unova_dex,unova_dex_2,kalos_center_dex,kalos_coastal_dex,kalos_mountian_dex,alola_dex,alola_dex_u,galar_dex,galar_dex_ia,galar_dex_ct,paldea_dex,hisui_dex
Bulbasaur,1,1,226,231,0,0,0,0,0,0,80,0,0,0,0,0,68,0,0,
Ivysaur,2,2,227,232,0,0,0,0,0,0,81,0,0,0,0,0,69,0,0,
Venusaur,3,3,228,233,0,0,0,0,0,0,82,0,0,0,0,0,70,0,0,
Charmander,4,4,229,234,0,0,0,0,0,0,83,0,0,0,0,0,0,0,0,
Charmeleon,5,5,230,235,0,0,0,0,0,0,84,0,0,0,0,0,0,0,0,
Charizard,6,6,231,236,0,0,0,0,0,0,85,0,0,0,0,0,0,0,0,
Squirtle,7,7,232,237,0,0,0,0,0,0,86,0,0,0,0,0,71,0,0,
Wartortle,8,8,233,238,0,0,0,0,0,0,87,8,0,0,0,0,72,0,0,
Blastoise,9,9,234,239,0,0,0,0,0,0,88,0,0,0,0,0,73,0,0,
Caterpie,10,10,0,0,0,0,0,0,0,0,23,0,0,0,0,0,0,0,0,
Metapod,11,11,0,0,0,0,0,0,0,0,24,0,0,0,0,0,0,0,0,
Butterfree,12,12,0,0,0,0,0,0,0,0,25,0,0,0,0,0,0,0,0,
Weedle,13,13,0,0,0,0,0,0,0,0,26,0,0,0,0,0,0,0,0,
Kakuna,14,14,0,0,0,0,0,0,0,0,27,0,0,0,0,0,0,0,0,
Beedrill,15,15,0,0,0,0,0,0,0,0,28,0,0,0,0,0,0,0,0,
Pidgey,16,16,0,0,0,0,0,0,0,0,17,0,0,0,0,0,0,0,0,
Pidgeotto,17,17,0,0,0,0,0,0,0,0,18,0,0,0,0,0,0,0,0,
Pidgeot,18,18,0,0,0,0,0,0,0,0,19,0,0,0,0,0,0,0,0,
Rattata,19,19,0,0,0,0,0,0,0,59,0,0,0,0,0,0,0,0,0,
Raticate,20,20,0,0,0,0,0,0,0,60,0,0,0,0,0,0,0,0,0,
Spearow,21,21,0,0,0,0,0,0,0,0,0,0,109,73,87,0,0,0,0,
Fearow,22,22,0,0,0,0,0,0,0,0,0,0,110,74,88,0,0,0,0,
Ekans,23,23,0,0,0,0,0,0,0,0,0,0,37,0,0,0,0,0,0,
Arbok,24,24,0,0,0,0,0,0,0,0,0,0,38,0,0,0,0,0,0,
Pikachu,25,25,0,0,156,163,104,0,0,0,36,0,0,25,32,194,85,0,0,56
Raichu,26,26,0,0,157,164,105,0,0,0,37,0,0,26,33,195,86,0,0,57
Sandshrew,27,27,0,0,112,117,0,0,0,113,0,0,97,251,328,0,0,0,0,
Sandslash,28,28,0,0,113,118,0,0,0,114,0,0,98,252,329,0,169,0,0,
Nidoran,29,29,0,0,0,0,0,0,0,0,0,104,0,0,0,0,0,0,0,
Nidorina,30,30,0,0,0,0,0,0,0,0,0,105,0,0,0,0,0,0,0,
Nidoqueen,31,31,0,0,0,0,0,0,0,0,0,106,0,0,0,0,0,0,0,
Nidoran♂,32,32,0,0,0,0,0,0,0,0,0,107,0,0,0,0,0,0,0,
Nidorino,33,33,0,0,0,0,0,0,0,0,0,108,0,0,0,0,0,0,0,
Nidoking,34,34,0,0,0,0,0,0,0,0,0,109,0,0,0,0,0,0,0,
Clefairy,35,35,0,0,0,0,100,0,0,89,0,0,0,211,273,0,0,0,0,200
Clefable,36,36,0,0,0,0,101,0,0,90,0,0,0,212,274,0,0,0,0,201
Jigglypuff,39,39,0,0,138,143,0,0,0,282,0,0,120,135,168,0,12,0,0,
Wigglytuff,40,40,0,0,139,144,0,0,0,283,0,0,121,136,169,0,13,0,0,
Zubat,41,41,0,0,63,65,28,0,0,61,145,0,0,68,80,0,0,0,0,34
Golbat,42,42,0,0,64,66,29,0,0,62,146,0,0,69,81,0,0,0,0,35
Oddish,43,43,0,0,88,91,0,0,0,0,105,0,0,0,0,0,0,0,0,
Gloom,44,44,0,0,89,92,0,0,0,0,106,0,0,0,0,0,0,0,0,
Vileplume,45,45,0,0,90,93,0,0,0,0,107,0,0,0,0,0,0,0,0,
Paras,46,46,0,0,0,0,0,0,0,0,0,0,0,147,180,0,0,0,0,53
Parasect,47,47,0,0,0,0,0,0,0,0,0,0,0,148,181,0,0,0,0,54
Venonat,48,48,108,109,0,0,0,0,0,0,0,0,0,0,0,0,0,0,256,
Venomoth,49,49,109,110,0,0,0,0,0,0,0,0,0,0,0,0,0,0,0,
Diglett,50,50,132,134,0,0,0,0,0,0,0,0,1,71,85,0,0,0,0,
Dugtrio,51,51,133,135,0,0,0,0,0,0,0,0,2,72,86,0,0,0,0,
Meowth,52,52,136,138,0,0,0,0,0,0,0,0,0,45,52,0,0,0,0,
Persian,53,53,137,139,0,0,0,0,0,0,0,0,0,46,53,0,0,0,0,
Psyduck,54,54,138,140,158,165,43,0,0,28,59,0,0,89,107,0,146,0,55,68
Golduck,55,55,139,141,159,166,44,0,0,29,60,0,0,90,108,0,147,0,56,69
Mankey,56,56,134,136,0,0,0,0,0,0,0,0,0,79,93,0,0,0,0,
Primeape,57,57,135,137,0,0,0,0,0,0,0,0,0,80,94,0,0,0,0,
Growlithe,58,58,127,129,0,0,0,0,0,51,0,0,0,52,64,0,0,0,0,150
Arcanine,59,59,128,130,0,0,0,0,0,52,0,0,0,53,65,0,0,0,0,151
Poliwag,60,60,0,0,0,0,0,0,0,0,0,0,33,149,182,0,142,0,0,
Poliwhirl,61,61,0,0,0,0,0,0,0,0,0,0,34,150,183,0,143,0,0,
Poliwrath,62,62,0,0,0,0,0,0,0,0,0,0,35,151,184,0,144,0,0,
Abra,63,63,0,0,39,40,20,0,0,0,102,0,0,42,49,0,31,0,0,58
Kadabra,64,64,0,0,40,41,21,0,0,0,103,0,0,43,50,0,32,0,0,59
Alakazam,65,65,0,0,41,42,22,0,0,0,104,0,0,44,51,0,33,0,0,60
Machop,66,66,140,142,73,75,40,0,0,0,0,57,0,95,117,0,0,0,0,154
Machoke,67,67,141,143,74,76,41,0,0,0,0,58,0,96,118,0,0,0,0,155
Machamp,68,68,142,144,75,77,42,0,0,0,0,59,0,97,119,0,0,0,0,156
Bellsprout,69,69,0,0,0,0,0,0,0,0,0,0,26,0,0,0,0,0,0,
Weepinbell,70,70,0,0,0,0,0,0,0,0,0,0,27,0,0,0,0,0,0,
Victreebel,71,71,0,0,0,0,0,0,0,0,0,0,28,0,0,0,0,0,0,
Tentacool,72,72,162,164,66,68,136,0,0,0,0,25,0,106,129,0,40,0,0,170
Tentacruel,73,73,163,165,67,69,137,0,0,0,0,26,0,107,130,0,41,0,0,171
Geodude,74,74,0,0,57,58,31,0,0,0,0,0,9,229,298,0,0,0,0,46
Graveler,75,75,0,0,58,59,32,0,0,0,0,0,10,230,299,0,0,0,0,47
Golem,76,76,0,0,59,60,33,0,0,0,0,0,11,231,300,0,0,0,0,48
Ponyta,77,77,201,206,0,0,90,0,0,0,0,0,0,0,0,0,0,0,0,23
Rapidash,78,78,202,207,0,0,91,0,0,0,0,0,0,0,0,0,0,0,0,24
Slowpoke,79,79,0,0,0,0,0,0,0,0,0,133,0,37,44,0,1,0,0,
Slowbro,80,80,0,0,0,0,0,0,0,0,0,134,0,38,45,0,2,0,0,
Magnemite,81,81,118,119,82,84,0,178,0,48,0,0,69,47,54,0,105,0,0,177
Magneton,82,82,119,120,83,85,0,179,0,49,0,0,70,48,55,0,106,0,0,178
Farfetch'd,83,83,158,160,0,0,0,0,0,0,61,0,0,0,0,0,0,0,0,
Doduo,84,84,199,204,92,95,0,0,0,0,94,0,0,0,0,0,0,0,0,
Dodrio,85,85,200,205,93,96,0,0,0,0,95,0,0,0,0,0,0,0,0,
Seel,86,86,176,178,0,0,0,0,0,265,0,0,0,0,0,0,0,0,0,
Dewgong,87,87,177,179,0,0,0,0,0,266,0,0,0,0,0,0,0,0,0,
Grimer,88,88,116,117,106,111,0,0,0,64,0,0,0,50,57,0,0,0,0,
Muk,89,89,117,118,107,112,0,0,0,65,0,0,0,51,58,0,0,0,0,
Shellder,90,90,169,171,0,0,0,0,0,0,0,36,0,115,138,150,131,0,0,
Cloyster,91,91,170,172,0,0,0,0,0,0,0,37,0,116,139,151,132,0,0,
Gastly,92,92,0,0,0,0,69,0,0,0,0,0,30,61,73,0,0,0,0,136
Haunter,93,93,0,0,0,0,70,0,0,0,0,0,31,62,74,0,0,0,0,137
Gengar,94,94,0,0,0,0,71,0,0,0,0,0,32,63,75,0,0,0,0,138
Onix,95,95,0,0,0,0,34,0,0,71,53,0,0,0,0,0,0,0,0,118
Drowzee,96,96,0,0,0,0,0,0,0,0,0,0,0,54,66,0,0,0,0,
Hypno,97,97,0,0,0,0,0,0,0,0,0,0,0,55,67,0,0,0,0,
Krabby,98,98,164,166,0,0,0,0,0,0,0,0,0,0,0,98,38,0,0,
Kingler,99,99,165,167,0,0,0,0,0,0,0,0,0,0,0,99,39,0,0,
Voltorb,100,100,120,121,84,87,0,0,0,0,0,0,72,0,0,0,0,0,0,192
Electrode,101,101,121,122,85,88,0,0,0,0,0,0,73,0,0,0,0,0,0,193
Exeggcute,102,102,104,105,0,0,0,0,0,0,0,136,0,269,355,0,205,0,0,
Exeggutor,103,103,105,106,0,0,0,0,0,0,0,137,0,270,356,0,206,0,0,
Cubone,104,104,203,208,0,0,0,0,0,0,0,60,0,163,197,0,170,0,0,
Marowak,105,105,204,209,0,0,0,0,0,0,0,61,0,164,198,0,171,0,0,
Hitmonlee,106,106,144,146,0,0,0,0,0,0,0,0,0,0,0,0,0,0,0,
Hitmonchan,107,107,145,147,0,0,0,0,0,0,0,0,0,0,0,0,0,0,0,
Lickitung,108,108,178,180,0,0,0,161,0,284,0,0,134,0,0,0,54,0,0,125
Koffing,109,109,114,115,108,113,62,0,0,46,0,0,0,0,0,0,0,0,0,
Weezing,110,110,115,116,109,114,0,0,0,47,0,0,0,0,0,0,0,0,0,
Rhyhorn,111,111,206,211,169,176,0,186,0,0,0,50,0,0,0,264,183,0,0,120
Rhydon,112,112,207,212,170,177,0,187,0,0,0,51,0,0,0,265,184,0,0,121
Chansey,113,113,217,222,0,0,97,0,0,0,0,0,0,33,40,0,7,0,0,87
Tangela,114,114,179,182,0,0,0,181,0,217,0,0,0,0,0,0,80,0,0,95
Kangaskhan,115,115,205,210,0,0,0,0,0,0,0,62,0,165,199,0,172,0,0,
Horsea,116,116,186,190,184,193,0,0,0,0,0,39,0,0,0,0,198,0,0,
Seadra,117,117,187,191,185,194,0,0,0,0,0,40,0,0,0,0,199,0,0,
Goldeen,118,118,0,0,50,51,78,0,0,0,53,0,0,153,186,146,94,0,0,
Seaking,119,119,0,0,51,52,79,0,0,0,54,0,0,154,187,147,95,0,0,
Staryu,120,120,167,169,143,148,0,0,0,238,34,0,0,184,223,0,98,0,0,
Starmie,121,121,0,0,0,0,0,0,0,0,0,35,0,185,224,0,99,0,0,
Mr. Mime,122,122,156,158,0,0,95,0,0,0,0,114,0,0,0,365,0,11,0,77
Scyther,123,123,110,111,0,0,0,195,0,0,0,0,136,275,365,0,118,0,0,72
Jynx,124,124,153,155,0,0,0,0,0,0,0,0,84,0,0,0,0,14,0,
Electabuzz,125,125,155,157,0,0,0,198,0,57,0,0,0,227,296,0,0,16,0,183
Magmar,126,126,151,153,0,0,0,201,0,54,0,0,0,167,201,0,0,19,0,175
Pinsir,127,127,112,113,167,174,0,0,0,146,0,130,0,175,211,0,120,0,0,
Tauros,128,128,148,150,0,0,0,0,0,0,0,125,0,137,170,0,116,0,223,
Magikarp,129,129,0,0,52,53,23,0,0,0,49,0,0,91,111,144,42,0,0,80
Gyarados,130,130,0,0,53,54,24,0,0,0,50,0,0,92,112,145,43,0,0,81
Lapras,131,131,219,224,0,0,0,0,0,242,0,150,0,268,353,0,0,0,0,
Ditto,132,132,0,0,0,0,0,0,0,261,0,0,138,209,271,373,207,0,0,
Eevee,133,133,180,184,0,0,0,163,0,91,77,0,0,123,153,0,0,0,0,25
Vaporeon,134,134,181,185,0,0,0,164,0,92,0,78,0,124,154,0,0,0,180,26
Jolteon,135,135,182,186,0,0,0,165,0,93,0,79,0,125,155,0,0,0,0,27
Flareon,136,136,183,187,0,0,0,166,0,94,0,0,80,126,156,0,0,0,182,28
Porygon,137,137,215,220,0,0,0,192,0,0,0,0,0,217,281,0,208,0,0,133
Omanyte,138,138,220,225,0,0,0,0,0,0,0,0,0,0,0,0,0,0,0,
Omastar,139,139,221,226,0,0,0,0,0,0,0,0,0,0,0,0,0,0,0,
Kabuto,140,140,222,227,0,0,0,0,0,0,0,0,0,0,0,0,0,0,0,
Kabutops,141,141,223,228,0,0,0,0,0,0,0,0,0,0,0,0,0,0,0,
Aerodactyl,142,142,224,229,0,0,0,0,0,0,0,68,0,284,382,0,0,0,0,
Snorlax,143,143,225,230,0,0,113,0,0,0,139,0,0,36,43,0,0,0,0,52
Articuno,144,144,235,240,0,0,0,0,0,0,0,151,0,0,0,0,0,0,0,
Zapdos,145,145,236,241,0,0,0,0,0,0,0,152,0,0,0,0,0,0,0,
Moltres,146,146,237,242,0,0,0,0,0,0,0,153,0,0,0,0,0,0,0,
Dratini,147,147,241,246,0,0,0,0,0,0,0,0,145,281,379,0,0,0,0,
Dragonair,148,148,242,246,0,0,0,0,0,0,0,0,146,282,380,0,0,0,0,
Dragonite,149,149,243,248,0,0,0,0,0,0,0,0,147,283,381,0,0,0,0,
Mewtwo,150,150,249,254,0,0,0,0,0,0,0,0,151,0,0,0,0,0,0,
Mew,151,151,250,255,0,0,0,0,0,0,0,0,0,0,0,0,0,0,0,
Chikorita,152,0,0,0,0,0,0,0,0,0,0,0,0,0,0,0,0,0,0,
Bayleef,153,0,0,0,0,0,0,0,0,0,0,0,0,0,0,0,0,0,0,
Meganium,154,0,0,0,0,0,0,0,0,0,0,0,0,0,0,0,0,0,0,
Cyndaquil,155,0,0,0,0,0,0,0,0,0,0,0,0,0,0,0,0,0,0,4
Quilava,156,0,0,0,0,0,0,0,0,0,0,0,0,0,0,0,0,0,0,5
Typhlosion,157,0,0,0,0,0,0,0,0,0,0,0,0,0,0,0,0,0,0,6
Totodile,158,0,0,0,0,0,0,0,0,0,0,0,0,0,0,0,0,0,0,
Croconaw,159,0,0,0,0,0,0,0,0,0,0,0,0,0,0,0,0,0,0,
Feraligatr,160,0,0,0,0,0,0,0,0,0,0,0,0,0,0,0,0,0,0,
Sentret,161,0,0,0,0,0,0,0,0,0,109,0,0,0,0,0,0,0,0,
Furret,162,0,0,0,0,0,0,0,0,0,110,0,0,0,0,0,0,0,0,
Hoothoot,163,0,0,0,0,0,106,0,0,0,0,0,117,0,0,0,0,0,0,
Noctowl,164,0,0,0,0,0,107,0,0,0,0,0,118,0,0,0,0,0,0,
Ledyba,165,0,0,0,0,0,0,0,0,0,74,0,0,0,0,0,0,0,0,
Ledian,166,0,0,0,0,0,0,0,0,0,75,0,0,0,0,0,0,0,0,
Spinarak,167,0,0,0,0,0,0,0,0,0,0,0,107,0,0,0,0,0,0,
Ariados,168,0,0,0,0,0,0,0,0,0,0,0,108,0,0,0,0,0,0,
Crobat,169,0,0,0,65,67,30,0,0,63,147,0,0,70,82,0,0,0,0,36
Chinchou,170,0,174,176,181,190,0,0,0,0,0,147,0,201,257,220,188,0,0,
Lanturn,171,0,175,177,182,191,0,0,0,0,0,148,0,202,258,221,189,0,0,
Pichu,172,0,0,0,155,162,103,0,0,0,35,0,0,24,31,193,84,0,0,55
Cleffa,173,0,0,0,0,0,99,0,0,88,0,0,0,210,272,0,0,0,0,199
Igglybuff,174,0,0,0,137,142,0,0,0,281,0,0,119,134,167,0,11,0,0,
Togepi,175,0,0,0,0,0,0,173,0,0,0,0,0,0,0,0,0,0,0,127
Togetic,176,0,0,0,0,0,0,174,0,0,0,0,0,0,0,0,0,0,0,128
Natu,177,0,159,161,162,169,0,0,0,0,0,0,0,0,0,0,0,0,0,
Xatu,178,0,160,162,163,170,0,0,0,0,0,0,0,0,0,0,0,0,0,
Mareep,179,0,0,0,0,0,0,0,0,25,0,127,0,0,0,0,0,0,0,
Flaaffy,180,0,0,0,0,0,0,0,0,26,0,128,0,0,0,0,0,0,0,
Ampharos,181,0,0,0,0,0,0,0,0,27,0,129,0,0,0,0,0,0,0,
Bellossom,182,0,0,0,91,94,0,0,0,0,108,0,0,0,0,0,0,0,0,
Marill,183,0,130,132,55,56,125,0,0,31,42,0,0,0,0,0,140,0,0,
Azumarill,184,0,131,133,56,57,126,0,0,32,43,0,0,0,0,0,141,0,0,
Sudowoodo,185,0,106,107,0,0,93,0,0,0,0,0,130,31,38,0,0,0,0,124
Politoed,186,0,0,0,0,0,0,0,0,0,0,0,36,152,185,0,145,0,0,
Hoppip,187,0,0,0,0,0,0,0,0,0,135,0,0,0,0,0,0,0,16,
Skiploom,188,0,0,0,0,0,0,0,0,0,136,0,0,0,0,0,0,0,17,
Jumpluff,189,0,0,0,0,0,0,0,0,0,137,0,0,0,0,0,0,0,18,
Aipom,190,0,122,123,0,0,63,0,0,0,0,0,0,0,0,0,0,0,0,78
Sunkern,191,0,102,103,0,0,0,0,0,20,0,0,0,0,0,0,0,0,0,
Sunflora,192,0,103,104,0,0,0,0,0,21,0,0,0,0,0,0,0,0,0,
Yanma,193,0,0,0,0,0,0,183,0,286,0,87,0,0,0,0,0,0,0,105
Wooper,194,0,0,0,0,0,117,0,0,0,0,0,17,0,0,100,58,0,0,
Quagsire,195,0,0,0,0,0,118,0,0,0,0,0,18,0,0,101,59,0,0,
Espeon,196,0,184,188,0,0,0,167,0,95,0,81,0,127,157,0,0,0,0,29
Umbreon,197,0,185,189,0,0,0,168,0,96,0,82,0,128,158,0,0,0,0,30
Murkrow,198,0,208,213,0,0,74,0,0,0,0,0,51,277,78,0,0,0,0,140
Slowking,199,0,0,0,0,0,0,0,0,0,0,135,0,39,46,0,3,0,0,
Misdreavus,200,0,214,219,0,0,72,0,0,0,0,0,0,66,372,0,0,0,0,197
Unown,201,0,0,0,0,0,114,0,0,0,0,0,0,0,0,0,0,0,0,142
Wobbuffet,202,0,107,108,161,168,0,0,0,0,0,119,0,0,0,0,0,0,0,
Girafarig,203,0,147,149,164,171,121,0,0,0,0,0,0,0,0,0,0,0,192,
Pineco,204,0,0,0,0,0,0,0,0,0,0,0,0,0,0,0,0,0,0,
Forretress,205,0,0,0,0,0,0,0,0,0,0,0,0,0,0,0,0,0,0,
Dunsparce,206,0,0,0,0,0,0,0,0,35,40,0,0,0,0,0,52,0,0,
Gligar,207,0,189,193,0,0,0,153,0,221,0,0,115,0,0,0,0,0,0,185
Steelix,208,0,0,0,0,0,35,0,0,72,0,54,0,0,0,0,0,0,0,119
Snubbull,209,0,123,125,0,0,0,0,0,0,0,71,0,258,339,0,0,0,0,
Granbull,210,0,124,126,0,0,0,0,0,0,0,72,0,259,340,0,0,0,0,
Qwilfish,211,0,161,163,0,0,0,0,0,0,0,38,0,0,0,0,0,0,0,84
Scizor,212,0,111,112,0,0,0,196,0,0,0,0,137,276,366,0,119,0,0,74
Shuckle,213,0,166,168,0,0,0,0,0,232,0,14,0,0,0,0,0,0,0,
Heracross,214,0,113,114,168,175,62,0,0,145,0,131,0,0,0,0,121,0,0,75
Teddiursa,216,0,193,198,0,0,0,0,0,0,0,0,132,0,0,0,0,0,0,112
Ursaring,217,0,194,199,0,0,0,0,0,0,0,0,133,0,0,0,0,0,0,113
Slugma,218,0,211,216,103,108,0,0,0,0,0,0,12,0,0,0,0,0,0,
Magcargo,219,0,212,217,104,109,0,0,0,0,0,0,13,0,0,0,0,0,0,
Swinub,220,0,191,195,0,0,0,203,0,258,0,0,76,0,0,75,0,7,0,212
Piloswine,221,0,192,196,0,0,0,204,0,259,0,0,77,0,0,76,0,8,0,213
Corsola,222,0,171,173,180,189,0,0,0,237,0,146,0,112,135,0,0,0,0,
Remoraid,223,0,172,174,0,0,132,0,0,235,0,144,0,0,0,148,44,0,0,146
Octillery,224,0,173,175,0,0,133,0,0,236,0,145,0,0,0,149,45,0,0,147
Delibird,225,0,190,194,0,0,0,0,0,254,0,0,90,81,95,0,0,0,0,
Mantine,226,0,197,202,0,0,141,0,0,234,0,140,0,0,0,355,47,0,0,165
Skarmory,227,0,198,203,115,120,0,0,0,203,0,0,112,208,270,0,153,0,0,
Houndour,228,0,209,214,0,0,0,176,0,0,0,75,0,0,0,0,0,0,0,
Houndoom,229,0,210,215,0,0,0,177,0,0,0,76,0,0,0,0,0,0,0,
Kingdra,230,0,188,192,186,195,0,0,0,0,0,41,0,0,0,0,200,0,0,
Phanpy,231,0,195,200,165,172,0,0,0,0,0,0,0,0,0,0,0,0,0,
Donphan,232,0,196,201,166,173,0,0,0,0,0,0,0,0,0,0,0,0,0,
Porygon2,233,0,216,221,0,0,0,193,0,0,0,0,0,218,282,0,209,0,0,134
Stantler,234,0,129,131,0,0,0,0,0,0,0,0,0,0,0,0,0,0,0,49
Smeargle,235,0,157,159,0,0,0,0,0,0,124,0,0,58,70,0,0,0,0,
Tyrogue,236,0,143,145,0,0,0,0,0,0,0,0,0,0,0,0,0,0,0,
Hitmontop,237,0,146,148,0,0,0,0,0,0,0,0,0,0,0,0,0,0,0,
Smoochum,238,0,152,154,0,0,0,0,0,0,0,0,83,0,0,0,0,13,0,
Elekid,239,0,154,156,0,0,0,197,0,56,0,0,0,226,295,0,0,15,0,182
Magby,240,0,150,152,0,0,0,200,0,53,0,0,0,166,200,0,0,18,0,174
Miltank,241,0,149,151,0,0,0,0,0,0,0,126,0,138,171,0,117,0,0,
Blissey,242,0,218,223,0,0,98,0,0,0,0,0,0,34,41,0,8,0,0,88
Raikou,243,0,238,243,0,0,0,0,0,0,0,0,0,0,0,0,0,0,0,
Entei,244,0,239,244,0,0,0,0,0,0,0,0,0,0,0,0,0,0,0,
Suicune,245,0,240,245,0,0,0,0,0,0,0,0,0,0,0,0,0,0,0,
Larvitar,246,0,244,249,0,0,0,0,0,292,0,0,102,0,0,0,0,0,0,
Pupitar,247,0,245,250,0,0,0,0,0,293,0,0,103,0,0,0,0,0,0,
Tyranitar,248,0,246,251,0,0,0,0,0,294,0,0,104,0,0,0,0,0,0,
Lugia,249,0,247,252,0,0,0,0,0,0,0,0,0,0,0,0,0,0,0,
Ho-Oh,250,0,248,253,0,0,0,0,0,0,0,0,0,0,0,0,0,0,0,
Celebi,251,0,251,256,0,0,0,0,0,0,0,0,0,0,0,0,0,0,0,
Treecko,252,0,0,0,0,0,0,0,0,0,0,0,0,0,0,0,0,0,0,
Grovyle,253,0,0,0,0,0,0,0,0,0,0,0,0,0,0,0,0,0,0,
Sceptile,254,0,0,0,0,0,0,0,0,0,0,0,0,0,0,0,0,0,0,
Torchic,255,0,0,0,0,0,0,0,0,0,0,0,0,0,0,0,0,0,0,
Combusken,256,0,0,0,0,0,0,0,0,0,0,0,0,0,0,0,0,0,0,
Blaziken,257,0,0,0,0,0,0,0,0,0,0,0,0,0,0,0,0,0,0,
Mudkip,258,0,0,0,0,0,0,0,0,0,0,0,0,0,0,0,0,0,0,
Marshtomp,259,0,0,0,0,0,0,0,0,0,0,0,0,0,0,0,0,0,0,
Swampert,260,0,0,0,0,0,0,0,0,0,0,0,0,0,0,0,0,0,0,
Poochyena,261,0,0,0,0,0,0,0,0,0,0,0,44,0,0,0,0,0,0,
Mightyena,262,0,0,0,0,0,0,0,0,0,0,0,45,0,0,0,0,0,0,
Zigzagoon,263,0,0,0,0,0,0,0,0,0,12,0,0,0,0,0,0,0,0,
Linoone,264,0,0,0,0,0,0,0,0,0,13,0,0,0,0,0,0,0,0,
Wurmple,265,0,0,0,0,0,48,0,0,0,0,0,0,0,0,0,0,0,0,18
Silcoon,266,0,0,0,0,0,49,0,0,0,0,0,0,0,0,0,0,0,0,19
Beautifly,267,0,0,0,0,0,50,0,0,0,0,0,0,0,0,0,0,0,0,20
Cascoon,268,0,0,0,0,0,51,0,0,0,0,0,0,0,0,0,0,0,0,21
Dustox,269,0,0,0,0,0,52,0,0,0,0,0,0,0,0,0,0,0,0,22
Lotad,270,0,0,0,0,0,0,0,0,0,0,0,55,0,0,0,0,0,0,
Lombre,271,0,0,0,0,0,0,0,0,0,0,0,56,0,0,0,0,0,0,
Ludicolo,272,0,0,0,0,0,0,0,0,0,0,0,57,0,0,0,0,0,0,
Seedot,273,0,0,0,0,0,0,0,0,0,0,0,0,0,0,0,0,0,0,
Nuzleaf,274,0,0,0,0,0,0,0,0,0,0,0,0,0,0,0,0,0,0,
Shiftry,275,0,0,0,0,0,0,0,0,0,0,0,0,0,0,0,0,0,0,
Taillow,276,0,0,0,0,0,0,0,0,0,0,19,0,0,0,0,0,0,0,
Swellow,277,0,0,0,0,0,0,0,0,0,0,20,0,0,0,0,0,0,0,
Wingull,278,0,0,0,0,0,119,0,0,212,0,17,0,40,47,62,48,0,0,
Pelipper,279,0,0,0,0,0,120,0,0,0,0,18,0,0,0,0,49,0,0,
Ralts,280,0,0,0,0,0,0,157,0,0,64,0,0,0,0,120,34,0,0,101
Kirlia,281,0,0,0,0,0,0,158,0,0,65,0,0,0,0,121,35,0,0,102
Gardevoir,282,0,0,0,0,0,0,159,0,0,66,0,0,0,0,122,36,0,0,103
Surskit,283,0,0,0,32,33,0,0,0,0,47,0,0,139,172,0,0,0,0,
Masquerain,284,0,0,0,33,34,0,0,0,0,48,0,0,140,173,0,0,0,0,
Shroomish,285,0,0,0,34,35,0,0,0,0,0,0,0,0,0,0,0,0,0,
Breloom,286,0,0,0,35,36,0,0,0,0,0,0,0,0,0,0,0,0,0,
Slakoth,287,0,0,0,36,37,0,0,0,276,0,0,0,0,0,0,0,0,0,
Vigoroth,288,0,0,0,37,38,0,0,0,277,0,0,0,0,0,0,0,0,0,
Slaking,289,0,0,0,38,39,0,0,0,278,0,0,0,0,0,0,0,0,0,
Nincada,290,0,0,0,42,43,0,0,0,0,111,0,0,0,0,0,0,0,0,
Ninjask,291,0,0,0,43,44,0,0,0,0,112,0,0,0,0,0,0,0,0,
Shedinja,292,0,0,0,44,45,0,0,0,0,113,0,0,0,0,0,0,0,0,
Whismur,293,0,0,0,45,46,0,0,0,0,140,0,0,0,0,0,148,0,0,
Loudred,294,0,0,0,46,47,0,0,0,0,141,0,0,0,0,0,149,0,0,
Exploud,295,0,0,0,47,48,0,0,0,0,142,0,0,0,0,0,150,0,0,
Makuhita,296,0,0,0,48,49,0,0,0,0,0,95,0,56,68,0,0,0,0,
Hariyama,297,0,0,0,49,50,0,0,0,0,0,96,0,57,69,0,0,0,0,
Azurill,298,0,0,0,54,55,124,0,0,30,41,0,0,0,0,0,139,0,0,
Nosepass,299,0,0,0,60,61,0,155,0,164,0,93,0,198,254,0,0,0,0,190
Skitty,300,0,0,0,61,63,0,0,0,78,78,0,0,0,0,0,0,0,0,
Delcatty,301,0,0,0,62,64,0,0,0,79,79,0,0,0,0,0,0,0,0,
Sableye,302,0,0,0,68,70,0,0,0,0,0,123,0,102,124,0,0,0,0,
Mawile,303,0,0,0,69,71,0,0,0,0,0,63,0,0,0,0,0,0,0,
Aron,304,0,0,0,70,72,0,0,0,166,0,0,99,0,0,0,0,0,0,
Lairon,305,0,0,0,71,73,0,0,0,167,0,0,100,0,0,0,0,0,0,
Aggron,306,0,0,0,72,74,0,0,0,168,0,0,101,0,0,0,0,0,0,
Meditite,307,0,0,0,76,78,86,0,0,0,143,0,0,0,0,0,0,0,0,
Medicham,308,0,0,0,77,79,87,0,0,0,144,0,0,0,0,0,0,0,0,
Electrike,309,0,0,0,78,80,0,0,0,0,0,73,0,0,0,0,0,0,0,
Manectric,310,0,0,0,79,81,0,0,0,0,0,74,0,0,0,0,0,0,0,
Plusle,311,0,0,0,80,82,0,0,0,0,96,0,0,0,0,0,0,0,0,
Minun,312,0,0,0,81,83,0,0,0,0,97,0,0,0,0,0,0,0,0,
Volbeat,313,0,0,0,86,89,0,0,0,0,133,0,0,0,0,0,0,0,0,
Illumise,314,0,0,0,87,90,0,0,0,0,134,0,0,0,0,0,0,0,0,
Roselia,315,0,0,0,94,98,26,0,0,134,72,0,0,0,0,0,0,0,0,90
Gulpin,316,0,0,0,95,100,0,0,0,0,98,0,0,0,0,0,0,0,0,
Swalot,317,0,0,0,96,101,0,0,0,0,99,0,0,0,0,0,0,0,0,
Carvanha,318,0,0,0,97,102,0,0,0,0,55,0,0,264,345,0,111,0,0,
Sharpedo,319,0,0,0,98,103,0,0,0,0,56,0,0,265,346,0,112,0,0,
Wailmer,320,0,0,0,99,104,0,0,0,240,0,27,0,266,351,356,190,0,0,
Wailord,321,0,0,0,100,105,0,0,0,241,0,28,0,267,352,357,191,0,0,
Numel,322,0,0,0,101,106,0,0,0,204,0,0,0,0,0,0,0,0,0,
Camerupt,323,0,0,0,102,107,0,0,0,205,0,0,0,0,0,0,0,0,0,
Torkoal,324,0,0,0,105,110,0,0,0,0,0,0,96,223,287,300,173,0,0,
Spoink,325,0,0,0,110,115,0,0,0,206,0,7,0,0,0,0,0,0,0,
Grumpig,326,0,0,0,111,116,0,0,0,207,0,8,0,0,0,0,0,0,0,
Spinda,327,0,0,0,114,119,0,0,0,0,0,0,131,105,128,0,0,0,0,
Trapinch,328,0,0,0,116,121,0,0,0,121,0,0,3,235,304,0,0,0,0,
Vibrava,329,0,0,0,117,122,0,0,0,122,0,0,4,236,305,0,0,0,0,
Flygon,330,0,0,0,0,0,0,0,0,0,0,0,5,0,0,0,0,0,0,
Cacnea,331,0,0,0,119,124,0,0,0,0,0,0,0,0,0,0,0,0,0,
Cacturne,332,0,0,0,120,125,0,0,0,0,0,0,0,0,0,0,0,0,0,
Swablu,333,0,0,0,121,126,0,171,0,246,0,0,139,0,0,0,0,0,0,
Altaria,334,0,0,0,122,127,0,172,0,247,0,0,140,0,0,0,0,0,0,
Zangoose,335,0,0,0,123,128,0,0,0,186,0,5,0,0,0,0,0,0,0,
Seviper,336,0,0,0,124,129,0,0,0,187,0,6,0,0,0,0,0,0,0,
Lunatone,337,0,0,0,125,130,0,0,0,214,0,0,12,0,0,0,0,0,0,
Solrock,338,0,0,0,126,131,0,0,0,215,0,0,13,0,0,0,0,0,0,
Barboach,339,0,0,0,127,132,80,0,0,0,0,0,40,93,113,228,137,0,0,97
Whiscash,340,0,0,0,128,133,81,0,0,0,0,0,41,94,114,229,138,0,0,98
Corphish,341,0,0,0,129,134,0,0,0,279,51,0,0,0,0,102,91,0,0,
Crawdaunt,342,0,0,0,130,135,0,0,0,280,52,0,0,0,0,103,92,0,0,
Baltoy,343,0,0,0,131,136,0,0,0,169,0,0,0,0,0,0,0,0,0,
Claydol,344,0,0,0,132,137,0,0,0,170,0,0,0,0,0,0,0,0,0,
Lileep,345,0,0,0,133,138,0,0,0,0,0,0,0,0,0,0,0,0,0,
Cradily,346,0,0,0,134,139,0,0,0,0,0,0,0,0,0,0,0,0,0,
Anorith,347,0,0,0,135,140,0,0,0,0,0,0,0,0,0,0,0,0,0,
Armaldo,348,0,0,0,136,141,0,0,0,0,0,0,0,0,0,0,0,0,0,
Feebas,349,0,0,0,140,145,138,0,0,0,0,0,0,155,189,0,0,0,0,
Milotic,350,0,0,0,141,146,139,0,0,0,0,0,0,156,190,0,0,0,0,
Castform,351,0,0,0,142,147,0,0,0,163,0,0,0,181,220,0,0,0,0,
Kecleon,352,0,0,0,145,150,0,0,0,0,116,0,0,0,0,0,0,0,0,
Shuppet,353,0,0,0,146,151,0,0,0,210,0,0,122,0,0,0,0,0,0,
Banette,354,0,0,0,147,152,0,0,0,211,0,0,123,0,0,0,0,0,0,
Duskull,355,0,0,0,148,153,0,189,0,0,0,0,0,0,0,0,0,0,0,158
Dusclops,356,0,0,0,149,154,0,190,0,0,0,0,0,0,0,0,0,0,0,159
Tropius,357,0,0,0,150,156,0,185,0,288,0,0,0,0,0,0,0,0,0,
Chimecho,358,0,0,0,151,158,83,0,0,0,0,112,0,0,0,0,0,0,0,196
Absol,359,0,0,0,152,159,0,209,0,216,0,9,0,245,322,0,0,0,0,
Wynaut,360,0,0,0,160,167,0,0,0,0,0,118,0,0,0,0,0,0,0,
Snorunt,361,0,0,0,171,179,0,206,0,0,0,0,0,246,323,79,0,25,0,205
Glalie,362,0,0,0,172,180,0,207,0,0,0,0,0,247,324,80,0,26,0,206
Spheal,363,0,0,0,173,182,0,0,0,243,0,0,0,0,0,0,0,0,0,143
Sealeo,364,0,0,0,174,183,0,0,0,244,0,0,0,0,0,0,0,0,0,144
Walrein,365,0,0,0,175,184,0,0,0,245,0,0,0,0,0,0,0,0,0,145
Clamperl,366,0,0,0,176,185,0,0,0,0,0,141,0,0,0,0,0,0,0,
Huntail,367,0,0,0,177,186,0,0,0,0,0,142,0,0,0,0,0,0,0,
Gorebyss,368,0,0,0,178,187,0,0,0,0,0,143,0,0,0,0,0,0,0,
Relicanth,369,0,0,0,179,188,0,0,0,0,0,42,0,262,343,0,0,0,0,
Luvdisc,370,0,0,0,183,192,0,0,0,0,0,29,0,111,134,0,0,0,0,
Bagon,371,0,0,0,187,196,0,0,0,0,0,14,0,117,147,0,0,0,0,
Shelgon,372,0,0,0,188,197,0,0,0,0,0,15,0,118,148,0,0,0,0,
Salamence,373,0,0,0,189,198,0,0,0,0,0,16,0,119,149,0,0,0,0,
Beldum,374,0,0,0,190,199,0,0,0,262,0,0,0,214,278,0,0,0,0,
Metang,375,0,0,0,191,200,0,0,0,263,0,0,0,215,279,0,0,0,0,
Metagross,376,0,0,0,192,201,0,0,0,264,0,0,0,216,280,0,0,0,0,
Regirock,377,0,0,0,193,202,0,0,0,0,0,0,0,0,0,0,0,0,0,
Regice,378,0,0,0,194,203,0,0,0,0,0,0,0,0,0,0,0,0,0,
Registeel,379,0,0,0,195,204,0,0,0,0,0,0,0,0,0,0,0,0,0,
Latias,380,0,0,0,196,205,0,0,0,0,0,0,0,0,0,0,0,0,0,
Latios,381,0,0,0,197,206,0,0,0,0,0,0,0,0,0,0,0,0,0,
Kyogre,382,0,0,0,198,207,0,0,0,0,0,0,0,0,0,0,0,0,0,
Groudon,383,0,0,0,199,208,0,0,0,0,0,0,0,0,0,0,0,0,0,
Rayquaza,384,0,0,0,200,209,0,0,0,0,0,0,0,0,0,0,0,0,0,
Jirachi,385,0,0,0,201,210,0,0,0,0,0,0,0,0,0,0,0,0,0,
Deoxys,386,0,0,0,202,211,0,0,0,0,0,0,0,0,0,0,0,0,0,
Turtwig,387,0,0,0,0,0,1,0,0,0,0,0,0,0,0,0,0,0,0,130
Grotle,388,0,0,0,0,0,2,0,0,0,0,0,0,0,0,0,0,0,0,131
Torterra,389,0,0,0,0,0,3,0,0,0,0,0,0,0,0,0,0,0,0,132
Chimchar,390,0,0,0,0,0,4,0,0,0,0,0,0,0,0,0,0,0,0,61
Monferno,391,0,0,0,0,0,5,0,0,0,0,0,0,0,0,0,0,0,0,62
Infernape,392,0,0,0,0,0,6,0,0,0,0,0,0,0,0,0,0,0,0,63
Piplup,393,0,0,0,0,0,7,0,0,0,0,0,0,0,0,0,0,0,0,161
Prinplup,394,0,0,0,0,0,8,0,0,0,0,0,0,0,0,0,0,0,0,162
Empoleon,395,0,0,0,0,0,9,0,0,0,0,0,0,0,0,0,0,0,0,163
Starly,396,0,0,0,0,0,10,0,0,0,0,99,0,0,0,0,0,0,0,12
Staravia,397,0,0,0,0,0,11,0,0,0,0,100,0,0,0,0,0,0,0,13
Staraptor,398,0,0,0,0,0,12,0,0,0,0,101,0,0,0,0,0,0,0,14
Bidoof,399,0,0,0,0,0,13,0,0,0,38,0,0,0,0,0,0,0,0,10
Bibarel,400,0,0,0,0,0,14,0,0,0,39,0,0,0,0,0,0,0,0,11
Kricketot,401,0,0,0,0,0,15,0,0,0,0,0,0,0,0,0,0,0,0,39
Kricketune,402,0,0,0,0,0,16,0,0,0,0,0,0,0,0,0,0,0,0,40
Shinx,403,0,0,0,0,0,17,0,0,0,0,0,0,0,0,0,25,0,0,15
Luxio,404,0,0,0,0,0,18,0,0,0,48,0,0,0,0,0,26,0,0,16
Luxray,405,0,0,0,0,0,19,0,0,0,0,62,0,0,0,0,27,0,0,17
Budew,406,0,0,0,0,0,25,0,0,133,71,0,0,0,0,0,0,0,0,89
Roserade,407,0,0,0,0,0,27,0,0,135,73,0,0,0,0,0,0,0,0,91
Cranidos,408,0,0,0,0,0,36,0,0,0,0,0,0,188,235,0,0,0,0,208
Rampardos,409,0,0,0,0,0,37,0,0,0,0,0,0,189,236,0,0,0,0,209
Shieldon,410,0,0,0,0,0,38,0,0,0,0,0,0,190,237,0,0,0,0,210
Bastiodon,411,0,0,0,0,0,39,0,0,0,0,0,0,191,238,0,0,0,0,211
Mothim,414,0,0,0,0,0,47,0,0,0,46,0,0,0,0,0,0,0,0,45
Combee,415,0,0,0,0,0,53,0,0,142,76,0,0,0,0,116,203,0,0,70
Vespiquen,416,0,0,0,0,0,54,0,0,143,77,0,0,0,0,117,204,0,0,71
Pachirisu,417,0,0,0,0,0,55,0,0,0,0,132,0,0,0,0,0,0,0,109
Buizel,418,0,0,0,0,0,56,0,0,149,0,0,58,0,0,0,0,0,0,41
Floatzel,419,0,0,0,0,0,57,0,0,150,0,0,59,0,0,0,0,0,0,42
Cherubi,420,0,0,0,0,0,58,0,0,0,0,0,0,0,0,0,0,0,0,66
Ambipom,424,0,0,0,0,0,64,0,0,0,0,0,0,0,0,0,0,0,0,79
Drifloon,425,0,0,0,0,0,65,0,0,208,0,1,0,64,76,124,135,0,0,37
Drifblim,426,0,0,0,0,0,66,0,0,209,0,2,0,65,77,125,136,0,0,38
Buneary,427,0,0,0,0,0,67,0,0,80,0,0,0,0,0,0,4,0,0,64
Lopunny,428,0,0,0,0,0,68,0,0,81,0,0,0,0,0,0,5,0,0,65
Mismagius,429,0,0,0,0,0,73,0,0,0,0,0,0,67,373,0,0,0,0,198
Honchkrow,430,0,0,0,0,0,75,0,0,0,0,0,52,278,79,0,0,0,0,141
Glameow,431,0,0,0,0,0,76,0,0,0,0,0,0,0,0,0,0,0,0,152
Purugly,432,0,0,0,0,0,77,0,0,0,0,0,0,0,0,0,0,0,0,153
Chingling,433,0,0,0,0,0,82,0,0,0,0,111,0,0,0,0,0,0,0,195
Stunky,434,0,0,0,0,0,84,0,0,0,0,102,0,0,0,0,0,0,0,110
Skuntank,435,0,0,0,0,0,85,0,0,0,0,103,0,0,0,0,0,0,0,111
Bronzor,436,0,0,0,0,0,88,0,0,250,0,0,0,0,0,0,0,0,0,180
Bronzong,437,0,0,0,0,0,89,0,0,251,0,0,0,0,0,0,0,0,0,181
Bonsly,438,0,0,0,0,0,92,0,0,0,0,0,129,30,37,0,0,0,0,123
Mime Jr.,439,0,0,0,0,0,94,0,0,0,0,113,0,0,0,364,0,10,0,76
Happiny,440,0,0,0,0,0,96,0,0,0,0,0,0,32,39,0,6,0,0,86
Chatot,441,0,0,0,0,0,102,0,0,0,0,138,0,0,0,0,0,0,0,157
Spiritomb,442,0,0,0,0,0,108,0,0,0,0,0,0,0,0,0,0,0,0,139
Gible,443,0,0,0,0,0,109,0,0,0,0,0,6,238,307,0,0,0,0,187
Gabite,444,0,0,0,0,0,110,0,0,0,0,0,7,239,308,0,0,0,0,188
Garchomp,445,0,0,0,0,0,111,0,0,0,0,0,8,240,309,0,0,0,0,189
Munchlax,446,0,0,0,0,0,112,0,0,0,138,0,0,35,42,0,0,0,0,51
Riolu,447,0,0,0,0,0,115,0,0,33,62,0,0,279,377,0,0,0,0,223
Lucario,448,0,0,0,0,0,116,0,0,34,63,0,0,280,378,0,0,0,0,224
Hippopotas,449,0,0,0,0,0,122,0,0,0,0,48,0,0,0,0,0,0,0,107
Hippowdon,450,0,0,0,0,0,123,0,0,0,0,49,0,0,0,0,0,0,0,108
Skorupi,451,0,0,0,0,0,127,0,0,201,0,0,15,0,0,285,50,0,0,148
Drapion,452,0,0,0,0,0,128,0,0,202,0,0,16,0,0,286,51,0,0,149
Croagunk,453,0,0,0,0,0,129,0,0,290,125,0,0,0,0,222,82,0,0,99
Toxicroak,454,0,0,0,0,0,130,0,0,291,126,0,0,0,0,223,83,0,0,100
Carnivine,455,0,0,0,0,0,131,0,0,289,0,0,29,0,0,0,0,0,0,92
Finneon,456,0,0,0,0,0,134,0,0,0,0,0,0,108,131,0,0,0,0,172
Lumineon,457,0,0,0,0,0,135,0,0,0,0,0,0,109,132,0,0,0,0,173
Mantyke,458,0,0,0,0,0,140,0,0,233,0,139,0,0,0,354,46,0,0,164
Snover,459,0,0,0,0,0,142,0,0,0,0,0,88,0,0,0,0,0,0,217
Abomasnow,460,0,0,0,0,0,143,0,0,0,0,0,89,0,0,0,0,0,0,218
Weavile,461,0,0,0,0,0,145,0,0,253,0,0,92,250,327,293,0,29,0,204
Magnezone,462,0,0,0,0,0,0,180,0,50,0,0,71,49,56,0,107,0,0,179
Lickilicky,463,0,0,0,0,0,0,162,0,285,0,0,135,0,0,0,55,0,0,126
Rhyperior,464,0,0,0,0,0,0,188,0,0,0,52,0,0,0,266,185,0,0,122
Tangrowth,465,0,0,0,0,0,0,182,0,218,0,0,0,0,0,0,81,0,0,96
Electivire,466,0,0,0,0,0,0,199,0,58,0,0,0,228,297,0,0,17,0,184
Magmortar,467,0,0,0,0,0,0,202,0,55,0,0,0,168,202,0,0,20,0,176
Togekiss,468,0,0,0,0,0,0,175,0,0,0,0,0,0,0,0,0,0,0,129
Yanmega,469,0,0,0,0,0,0,184,0,287,0,88,0,0,0,0,0,0,0,106
Leafeon,470,0,0,0,0,0,0,169,0,97,0,83,0,129,159,0,0,0,0,31
Glaceon,471,0,0,0,0,0,0,170,0,98,0,84,0,130,160,0,0,0,0,32
Gliscor,472,0,0,0,0,0,0,154,0,222,0,0,116,0,0,0,0,0,0,186
Mamoswine,473,0,0,0,0,0,0,205,0,260,0,0,78,0,0,77,0,9,0,214
Porygon-Z,474,0,0,0,0,0,0,194,0,0,0,0,0,219,283,0,210,0,0,135
Gallade,475,0,0,0,0,0,0,160,0,0,67,0,0,0,0,123,37,0,0,104
Probopass,476,0,0,0,0,0,0,156,0,165,0,94,0,199,255,0,0,0,0,191
Dusknoir,477,0,0,0,0,0,0,191,0,0,0,0,0,0,0,0,0,0,0,160
Froslass,478,0,0,0,0,0,0,208,0,0,0,0,0,248,325,81,0,27,0,207
Uxie,480,0,0,0,0,0,146,0,0,0,0,0,0,0,0,0,0,0,0,225
Mesprit,481,0,0,0,0,0,147,0,0,0,0,0,0,0,0,0,0,0,0,226
Azelf,482,0,0,0,0,0,148,0,0,0,0,0,0,0,0,0,0,0,0,227
Heatran,485,0,0,0,0,0,0,0,0,0,0,0,0,0,0,0,0,0,0,228
Regigigas,486,0,0,0,0,0,0,0,0,0,0,0,0,0,0,0,0,0,0,229
Cresselia,488,0,0,0,0,0,0,0,0,0,0,0,0,0,0,0,0,0,0,230
Phione,489,0,0,0,0,0,0,0,0,0,0,0,0,0,0,0,0,0,0,239
Manaphy,490,0,0,0,0,0,151,0,0,0,0,0,0,0,0,0,0,0,0,240
Darkrai,491,0,0,0,0,0,0,0,0,0,0,0,0,0,0,0,0,0,0,242
Arceus,493,0,0,0,0,0,0,0,0,0,0,0,0,0,0,0,0,0,0,238
Victini,494,0,0,0,0,0,0,0,0,0,0,0,0,0,0,0,0,0,0,
Snivy,495,0,0,0,0,0,0,0,1,0,0,0,0,0,0,0,0,0,0,
Servine,496,0,0,0,0,0,0,0,2,0,0,0,0,0,0,0,0,0,0,
Serperior,497,0,0,0,0,0,0,0,3,0,0,0,0,0,0,0,0,0,0,
Tepig,498,0,0,0,0,0,0,0,4,0,0,0,0,0,0,0,0,0,0,
Pignite,499,0,0,0,0,0,0,0,5,0,0,0,0,0,0,0,0,0,0,
Emboar,500,0,0,0,0,0,0,0,6,0,0,0,0,0,0,0,0,0,0,
Oshawott,501,0,0,0,0,0,0,0,7,0,0,0,0,0,0,0,0,0,0,7
Dewott,502,0,0,0,0,0,0,0,8,0,0,0,0,0,0,0,0,0,0,8
Samurott,503,0,0,0,0,0,0,0,9,0,0,0,0,0,0,0,0,0,0,9
Patrat,504,0,0,0,0,0,0,0,10,0,0,0,46,0,0,0,0,0,0,
Watchog,505,0,0,0,0,0,0,0,11,0,0,0,47,0,0,0,0,0,0,
Lillipup,506,0,0,0,0,0,0,0,0,0,0,0,0,120,150,0,113,0,0,
Herdier,507,0,0,0,0,0,0,0,0,0,0,0,0,121,151,0,114,0,0,
Stoutland,508,0,0,0,0,0,0,0,0,0,0,0,0,122,152,0,115,0,0,
Purrloin,509,0,0,0,0,0,0,0,0,0,0,0,42,0,0,0,0,0,0,
Liepard,510,0,0,0,0,0,0,0,0,0,0,0,43,0,0,0,0,0,0,
Pansage,511,0,0,0,0,0,0,0,0,0,29,0,0,0,0,0,0,0,0,
Simisage,512,0,0,0,0,0,0,0,0,0,30,0,0,0,0,0,0,0,0,
Pansear,513,0,0,0,0,0,0,0,0,0,31,0,0,0,0,0,0,0,0,
Simisear,514,0,0,0,0,0,0,0,0,0,32,0,0,0,0,0,0,0,0,
Panpour,515,0,0,0,0,0,0,0,0,0,33,0,0,0,0,0,0,0,0,
Simipour,516,0,0,0,0,0,0,0,0,0,34,0,0,0,0,0,0,0,0,
Munna,517,0,0,0,0,0,0,0,0,0,0,0,0,0,0,0,0,0,0,
Musharna,518,0,0,0,0,0,0,0,0,0,0,0,0,0,0,0,0,0,0,
Pidove,519,0,0,0,0,0,0,0,0,0,0,0,0,0,0,0,0,0,0,
Tranquill,520,0,0,0,0,0,0,0,0,0,0,0,0,0,0,0,0,0,0,
Unfezant,521,0,0,0,0,0,0,0,0,0,0,0,0,0,0,0,0,0,0,
Blitzle,522,0,0,0,0,0,0,0,0,0,0,0,0,0,0,0,0,0,0,
Zebstrika,523,0,0,0,0,0,0,0,0,0,0,0,0,0,0,0,0,0,0,
Roggenrola,524,0,0,0,0,0,0,0,0,0,0,120,0,98,120,168,154,0,0,
Boldore,525,0,0,0,0,0,0,0,0,0,0,121,0,99,121,169,155,0,0,
Gigalith,526,0,0,0,0,0,0,0,0,0,0,122,0,100,122,170,156,0,0,
Woobat,527,0,0,0,0,0,0,0,0,0,0,55,0,0,0,174,151,0,0,
Swoobat,528,0,0,0,0,0,0,0,0,0,0,56,0,0,0,175,152,0,0,
Drilbur,529,0,0,0,0,0,0,0,0,0,0,0,0,0,0,0,0,0,0,
Excadrill,530,0,0,0,0,0,0,0,0,0,0,0,0,0,0,0,0,0,0,
Audino,531,0,0,0,0,0,0,0,0,0,123,0,0,0,0,0,0,21,0,
Timburr,532,0,0,0,0,0,0,0,0,0,0,0,93,0,0,0,0,0,0,
Gurdurr,533,0,0,0,0,0,0,0,0,0,0,0,94,0,0,0,0,0,0,
Conkeldurr,534,0,0,0,0,0,0,0,0,0,0,0,95,0,0,0,0,0,0,
Tympole,535,0,0,0,0,0,0,0,0,0,0,0,0,0,0,0,0,0,0,
Palpitoad,536,0,0,0,0,0,0,0,0,0,0,0,0,0,0,0,0,0,0,
Seismitoad,537,0,0,0,0,0,0,0,0,0,0,0,0,0,0,0,0,0,0,
Throh,538,0,0,0,0,0,0,0,0,0,0,97,0,0,0,0,0,0,0,
Sawk,539,0,0,0,0,0,0,0,0,0,0,98,0,0,0,0,0,0,0,
Sewaddle,540,0,0,0,0,0,0,0,0,0,0,0,0,0,0,0,0,0,0,
Swadloon,541,0,0,0,0,0,0,0,0,0,0,0,0,0,0,0,0,0,0,
Leavanny,542,0,0,0,0,0,0,0,0,0,0,0,0,0,0,0,0,0,0,
Venipede,543,0,0,0,0,0,0,0,0,0,120,0,0,0,0,0,74,0,0,
Whirlipede,544,0,0,0,0,0,0,0,0,0,121,0,0,0,0,0,75,0,0,
Scolipede,545,0,0,0,0,0,0,0,0,0,122,0,0,0,0,0,76,0,0,
Cottonee,546,0,0,0,0,0,0,0,0,0,0,0,0,87,105,0,0,0,0,
Whimsicott,547,0,0,0,0,0,0,0,0,0,0,0,0,88,106,0,0,0,0,
Petilil,548,0,0,0,0,0,0,0,0,0,0,0,0,85,103,0,201,0,0,93
Lilligant,549,0,0,0,0,0,0,0,0,0,0,0,0,86,104,0,202,0,0,94
Basculin,550,0,0,0,0,0,0,0,0,0,0,0,60,0,0,0,0,0,0,166
Sandile,551,0,0,0,0,0,0,0,0,0,0,43,0,232,301,0,176,0,0,
Krokorok,552,0,0,0,0,0,0,0,0,0,0,44,0,233,302,0,177,0,0,
Krookodile,553,0,0,0,0,0,0,0,0,0,0,43,0,234,303,0,178,0,0,
Darumaka,554,0,0,0,0,0,0,0,0,0,0,0,0,0,0,0,0,0,0,
Darmanitan,555,0,0,0,0,0,0,0,0,0,0,0,0,0,0,0,0,0,0,
Maractus,556,0,0,0,0,0,0,0,0,0,0,0,0,0,0,0,0,0,0,
Dwebble,557,0,0,0,0,0,0,0,0,0,0,23,0,0,0,86,122,0,0,
Crustle,558,0,0,0,0,0,0,0,0,0,0,24,0,0,0,87,123,0,0,
Scraggy,559,0,0,0,0,0,0,0,0,0,100,0,0,0,0,224,161,0,0,
Scrafty,560,0,0,0,0,0,0,0,0,0,101,0,0,0,0,225,162,0,0,
Sigilyph,561,0,0,0,0,0,0,0,0,0,0,90,0,0,0,0,0,0,0,
Yamask,562,0,0,0,0,0,0,0,0,0,0,0,0,0,0,0,0,0,0,
Cofagrigus,563,0,0,0,0,0,0,0,0,0,0,0,0,0,0,0,0,0,0,
Tirtouga,564,0,0,0,0,0,0,0,0,0,0,0,0,194,241,0,0,0,0,
Carracosta,565,0,0,0,0,0,0,0,0,0,0,0,0,195,242,0,0,0,0,
Archen,566,0,0,0,0,0,0,0,0,0,0,0,0,192,239,0,0,0,0,
Archeops,567,0,0,0,0,0,0,0,0,0,0,0,0,193,240,0,0,0,0,
Trubbish,568,0,0,0,0,0,0,0,0,0,0,0,74,206,264,0,0,0,0,
Garbodor,569,0,0,0,0,0,0,0,0,0,0,0,75,207,265,0,0,0,0,
Zorua,570,0,0,0,0,0,0,0,0,0,0,0,124,0,0,0,87,0,0,219
Zoroark,571,0,0,0,0,0,0,0,0,0,0,0,125,0,0,0,88,0,0,220
Minccino,572,0,0,0,0,0,0,0,0,0,0,0,0,0,0,0,0,0,0,
Cinccino,573,0,0,0,0,0,0,0,0,0,0,0,0,0,0,0,0,0,0,
Gothita,574,0,0,0,0,0,0,0,0,0,0,0,126,0,0,0,0,0,0,
Gothorita,575,0,0,0,0,0,0,0,0,0,0,0,127,0,0,0,0,0,0,
Gothitelle,576,0,0,0,0,0,0,0,0,0,0,0,128,0,0,0,0,0,0,
Solosis,577,0,0,0,0,0,0,0,0,0,0,115,0,0,0,0,0,0,0,
Duosion,578,0,0,0,0,0,0,0,0,0,0,116,0,0,0,0,0,0,0,
Reuniclus,579,0,0,0,0,0,0,0,0,0,0,117,0,0,0,0,0,0,0,
Ducklett,580,0,0,0,0,0,0,0,0,0,127,0,0,0,0,0,0,0,0,
Swanna,581,0,0,0,0,0,0,0,0,0,128,0,0,0,0,0,0,0,0,
Vanillite,582,0,0,0,0,0,0,0,0,0,0,0,85,255,332,72,0,22,0,
Vanillish,583,0,0,0,0,0,0,0,0,0,0,0,86,256,333,73,0,23,0,
Vanilluxe,584,0,0,0,0,0,0,0,0,0,0,0,87,257,334,74,0,24,0,
Deerling,585,0,0,0,0,0,0,0,0,0,0,0,0,0,0,0,0,0,0,
Sawsbuck,586,0,0,0,0,0,0,0,0,0,0,0,0,0,0,0,0,0,0,
Emolga,587,0,0,0,0,0,0,0,0,0,0,86,0,274,364,0,102,0,0,
Karrablast,588,0,0,0,0,0,0,0,0,0,0,0,22,0,0,273,66,0,0,
Escavalier,589,0,0,0,0,0,0,0,0,0,0,0,23,0,0,274,67,0,0,
Foongus,590,0,0,0,0,0,0,0,0,0,0,0,53,0,0,0,77,0,0,
Amoonguss,591,0,0,0,0,0,0,0,0,0,0,0,54,0,0,0,78,0,0,
Frillish,592,0,0,0,0,0,0,0,0,0,0,0,0,0,0,305,192,0,0,
Jellicent,593,0,0,0,0,0,0,0,0,0,0,0,0,0,0,306,193,0,0,
Alomomola,594,0,0,0,0,0,0,0,0,0,0,149,0,157,191,0,0,0,0,
Joltik,595,0,0,0,0,0,0,0,0,0,0,0,0,0,0,0,0,0,0,
Galvantula,596,0,0,0,0,0,0,0,0,0,0,0,0,0,0,0,0,0,0,
Ferroseed,597,0,0,0,0,0,0,0,0,0,0,69,0,0,0,0,0,0,0,
Ferrothorn,598,0,0,0,0,0,0,0,0,0,0,70,0,0,0,0,0,0,0,
Klink,599,0,0,0,0,0,0,0,0,0,0,0,0,0,0,0,0,0,0,
Klang,600,0,0,0,0,0,0,0,0,0,0,0,0,0,0,0,0,0,0,
Klinklang,601,0,0,0,0,0,0,0,0,0,0,0,0,0,0,0,0,0,0,
Tynamo,602,0,0,0,0,0,0,0,0,0,0,0,0,0,0,0,0,0,0,
Eelektrik,603,0,0,0,0,0,0,0,0,0,0,0,0,0,0,0,0,0,0,
Eelektross,604,0,0,0,0,0,0,0,0,0,0,0,0,0,0,0,0,0,0,
Elgyem,605,0,0,0,0,0,0,0,0,0,0,0,0,0,0,0,0,0,0,
Beheeyem,606,0,0,0,0,0,0,0,0,0,0,0,0,0,0,0,0,0,0,
Litwick,607,0,0,0,0,0,0,0,0,0,0,0,65,0,0,0,0,0,0,
Lampent,608,0,0,0,0,0,0,0,0,0,0,0,66,0,0,0,0,0,0,
Chandelure,609,0,0,0,0,0,0,0,0,0,0,0,67,0,0,0,0,0,0,
Axew,610,0,0,0,0,0,0,0,0,0,148,0,0,0,0,0,0,0,0,
Fraxure,611,0,0,0,0,0,0,0,0,0,149,0,0,0,0,0,0,0,0,
Haxorus,612,0,0,0,0,0,0,0,0,0,150,0,0,0,0,0,0,0,0,
Cubchoo,613,0,0,0,0,0,0,0,0,0,0,0,81,0,0,0,0,0,0,
Beartic,614,0,0,0,0,0,0,0,0,0,0,0,82,0,0,0,0,0,0,
Cryogonal,615,0,0,0,0,0,0,0,0,0,0,0,111,0,0,0,0,30,0,
Shelmet,616,0,0,0,0,0,0,0,0,0,0,0,24,0,0,275,64,0,0,
Accelgor,617,0,0,0,0,0,0,0,0,0,0,0,25,0,0,276,65,0,0,
Stunfisk,618,0,0,0,0,0,0,0,0,0,0,0,39,0,0,0,0,0,0,
Mienfoo,619,0,0,0,0,0,0,0,0,0,0,3,0,0,0,0,163,0,0,
Mienshao,620,0,0,0,0,0,0,0,0,0,0,4,0,0,0,0,164,0,0,
Druddigon,621,0,0,0,0,0,0,0,0,0,0,0,141,0,0,0,63,0,0,
Golett,622,0,0,0,0,0,0,0,0,0,0,91,0,0,0,0,0,0,0,
Golurk,623,0,0,0,0,0,0,0,0,0,0,92,0,0,0,0,0,0,0,
Pawniard,624,0,0,0,0,0,0,0,0,0,0,0,48,0,0,246,29,0,0,
Bisharp,625,0,0,0,0,0,0,0,0,0,0,0,49,0,0,247,30,0,0,
Bouffalant,626,0,0,0,0,0,0,0,0,0,0,0,0,0,0,0,53,0,0,
Rufflet,627,0,0,0,0,0,0,0,0,0,0,0,0,75,89,281,179,0,0,221
Braviary,628,0,0,0,0,0,0,0,0,0,0,0,0,76,90,282,180,0,0,222
Vullaby,629,0,0,0,0,0,0,0,0,0,0,0,0,77,91,283,181,0,0,
Mandibuzz,630,0,0,0,0,0,0,0,0,0,0,0,0,78,92,284,182,0,0,
Heatmor,631,0,0,0,0,0,0,0,0,0,0,0,105,0,0,0,0,0,0,
Durant,632,0,0,0,0,0,0,0,0,0,0,0,106,0,0,0,0,0,0,
Deino,633,0,0,0,0,0,0,0,0,0,0,0,142,0,0,0,0,0,0,
Zweilous,634,0,0,0,0,0,0,0,0,0,0,0,143,0,0,0,0,0,0,
Hydreigon,635,0,0,0,0,0,0,0,0,0,0,0,144,0,0,0,0,0,0,
Larvesta,636,0,0,0,0,0,0,0,0,0,0,0,0,0,0,0,186,0,0,
Volcarona,637,0,0,0,0,0,0,0,0,0,0,0,0,0,0,0,187,0,0,
Cobalion,638,0,0,0,0,0,0,0,0,0,0,0,0,0,0,0,0,0,0,
Terrakion,639,0,0,0,0,0,0,0,0,0,0,0,0,0,0,0,0,0,0,
Virizion,640,0,0,0,0,0,0,0,0,0,0,0,0,0,0,0,0,0,0,
Reshiram,643,0,0,0,0,0,0,0,0,0,0,0,0,0,0,0,0,0,0,
Zekrom,644,0,0,0,0,0,0,0,0,0,0,0,0,0,0,0,0,0,0,
Kyurem,646,0,0,0,0,0,0,0,0,0,0,0,0,0,0,0,0,0,0,
Keldeo,647,0,0,0,0,0,0,0,0,0,0,0,0,0,0,0,0,0,0,
Meloetta,648,0,0,0,0,0,0,0,0,0,0,0,0,0,0,0,0,0,0,
Genesect,649,0,0,0,0,0,0,0,0,0,0,0,0,0,0,0,0,0,0,
Chespin,650,0,0,0,0,0,0,0,0,0,1,0,0,0,0,0,0,0,0,
Quilladin,651,0,0,0,0,0,0,0,0,0,2,0,0,0,0,0,0,0,0,
Chesnaught,652,0,0,0,0,0,0,0,0,0,3,0,0,0,0,0,0,0,0,
Fennekin,653,0,0,0,0,0,0,0,0,0,4,0,0,0,0,0,0,0,0,
Braixen,654,0,0,0,0,0,0,0,0,0,5,0,0,0,0,0,0,0,0,
Delphox,655,0,0,0,0,0,0,0,0,0,6,0,0,0,0,0,0,0,0,
Froakie,656,0,0,0,0,0,0,0,0,0,7,0,0,0,0,0,0,0,0,
Frogadier,657,0,0,0,0,0,0,0,0,0,8,0,0,0,0,0,0,0,0,
Greninja,658,0,0,0,0,0,0,0,0,0,9,0,0,0,0,0,0,0,0,
Bunnelby,659,0,0,0,0,0,0,0,0,0,10,0,0,0,0,0,0,0,0,
Diggersby,660,0,0,0,0,0,0,0,0,0,11,0,0,0,0,0,0,0,0,
Fletchling,661,0,0,0,0,0,0,0,0,0,14,0,0,158,192,0,22,0,19,
Fletchinder,662,0,0,0,0,0,0,0,0,0,15,0,0,159,193,0,23,0,0,
Talonflame,663,0,0,0,0,0,0,0,0,0,16,0,0,160,194,0,24,0,0,
Scatterbug,664,0,0,0,0,0,0,0,0,0,20,0,0,0,0,0,0,0,0,
Spewpa,665,0,0,0,0,0,0,0,0,0,0,0,0,0,0,0,0,0,0,
Vivillon,666,0,0,0,0,0,0,0,0,0,22,0,0,0,0,0,0,0,0,
Litleo,667,0,0,0,0,0,0,0,0,0,57,0,0,0,0,0,0,0,0,
Pyroar,668,0,0,0,0,0,0,0,0,0,58,0,0,0,0,0,0,0,0,
Flabébé,669,0,0,0,0,0,0,0,0,0,68,0,0,0,0,0,0,0,0,
Floette,670,0,0,0,0,0,0,0,0,0,69,0,0,0,0,0,0,0,0,
Florges,671,0,0,0,0,0,0,0,0,0,70,0,0,0,0,0,0,0,0,
Skiddo,672,0,0,0,0,0,0,0,0,0,89,0,0,0,0,0,0,0,0,
Gogoat,673,0,0,0,0,0,0,0,0,0,90,0,0,0,0,0,0,0,0,
Pancham,674,0,0,0,0,0,0,0,0,0,91,0,0,220,284,0,0,0,0,
Pangoro,675,0,0,0,0,0,0,0,0,0,92,0,0,221,285,0,0,0,0,
Furfrou,676,0,0,0,0,0,0,0,0,0,93,0,0,0,0,0,0,0,0,
Espurr,677,0,0,0,0,0,0,0,0,0,114,0,0,0,0,0,0,0,0,
Meowstic,678,0,0,0,0,0,0,0,0,0,115,0,0,0,0,0,0,0,0,
Honedge,679,0,0,0,0,0,0,0,0,0,117,0,0,0,0,0,0,0,0,
Doublade,680,0,0,0,0,0,0,0,0,0,118,0,0,0,0,0,0,0,0,
Aegislash,681,0,0,0,0,0,0,0,0,0,119,0,0,0,0,0,0,0,0,
Spritzee,682,0,0,0,0,0,0,0,0,0,129,0,0,0,0,0,0,0,0,
Aromatisse,683,0,0,0,0,0,0,0,0,0,130,0,0,0,0,0,0,0,0,
Swirlix,684,0,0,0,0,0,0,0,0,0,131,0,0,0,0,0,0,0,0,
Slurpuff,685,0,0,0,0,0,0,0,0,0,132,0,0,0,0,0,0,0,0,
Inkay,686,0,0,0,0,0,0,0,0,0,0,10,0,0,0,290,108,0,0,
Malamar,687,0,0,0,0,0,0,0,0,0,0,11,0,0,0,291,109,0,0,
Binacle,688,0,0,0,0,0,0,0,0,0,0,21,0,0,0,0,0,0,0,
Barbaracle,689,0,0,0,0,0,0,0,0,0,0,21,0,0,0,0,0,0,0,
Skrelp,690,0,0,0,0,0,0,0,0,0,0,30,0,0,0,0,194,0,0,
Dragalge,691,0,0,0,0,0,0,0,0,0,0,31,0,0,0,0,195,0,0,
Clauncher,692,0,0,0,0,0,0,0,0,0,0,32,0,0,0,0,196,0,0,
Clawitzer,693,0,0,0,0,0,0,0,0,0,0,33,0,0,0,0,197,0,0,
Helioptile,694,0,0,0,0,0,0,0,0,0,0,46,0,0,0,0,0,0,0,
Heliolisk,695,0,0,0,0,0,0,0,0,0,0,47,0,0,0,0,0,0,0,
Tyrunt,696,0,0,0,0,0,0,0,0,0,0,64,0,0,0,0,0,0,0,
Tyrantrum,697,0,0,0,0,0,0,0,0,0,0,65,0,0,0,0,0,0,0,
Amaura,698,0,0,0,0,0,0,0,0,0,0,66,0,0,0,0,0,0,0,
Aurorus,699,0,0,0,0,0,0,0,0,0,0,67,0,0,0,0,0,0,0,
Sylveon,700,0,0,0,0,0,0,0,0,0,0,85,0,131,161,0,0,0,0,33
Hawlucha,701,0,0,0,0,0,0,0,0,0,0,89,0,0,0,0,0,0,0,
Dedenne,702,0,0,0,0,0,0,0,0,0,0,110,0,0,0,0,103,0,0,
Carbink,703,0,0,0,0,0,0,0,0,0,0,124,0,101,123,0,0,0,0,
Goomy,704,0,0,0,0,0,0,0,0,0,0,0,19,178,217,389,60,0,0,115
Sliggoo,705,0,0,0,0,0,0,0,0,0,0,0,20,179,218,390,61,0,0,116
Goodra,706,0,0,0,0,0,0,0,0,0,0,0,21,180,219,391,62,0,0,117
Klefki,707,0,0,0,0,0,0,0,0,0,0,0,50,241,314,0,28,0,0,
Phantump,708,0,0,0,0,0,0,0,0,0,0,0,61,196,250,0,0,0,0,
Trevenant,709,0,0,0,0,0,0,0,0,0,0,0,62,197,251,0,0,0,0,
Pumpkaboo,710,0,0,0,0,0,0,0,0,0,0,0,63,0,0,0,0,0,0,
Gourgeist,711,0,0,0,0,0,0,0,0,0,0,0,64,0,0,0,0,0,0,
Bergmite,712,0,0,0,0,0,0,0,0,0,0,0,79,0,0,0,0,0,0,215
Avalugg,713,0,0,0,0,0,0,0,0,0,0,0,80,0,0,0,0,0,0,216
Noibat,714,0,0,0,0,0,0,0,0,0,0,0,113,0,0,0,0,0,0,
Noivern,715,0,0,0,0,0,0,0,0,0,0,0,114,0,0,0,0,0,0,
Xerneas,716,0,0,0,0,0,0,0,0,0,0,0,148,0,0,0,0,0,0,
Yveltal,717,0,0,0,0,0,0,0,0,0,0,0,149,0,0,0,0,0,0,
Zygarde,718,0,0,0,0,0,0,0,0,0,0,0,150,205,263,0,0,0,0,
Diancie,719,0,0,0,0,0,0,0,0,0,151,0,0,0,0,0,0,0,0,
Hoopa,720,0,0,0,0,0,0,0,0,0,152,0,0,0,0,0,0,0,0,
Volcanion,721,0,0,0,0,0,0,0,0,0,153,0,0,0,0,0,0,0,0,
Rowlet,722,0,0,0,0,0,0,0,0,0,0,0,0,0,0,0,0,0,0,1
Dartrix,723,0,0,0,0,0,0,0,0,0,0,0,0,0,0,0,0,0,0,2
Decidueye,724,0,0,0,0,0,0,0,0,0,0,0,0,0,0,0,0,0,0,3
Litten,725,0,0,0,0,0,0,0,0,0,0,0,0,0,0,0,0,0,0,
Torracat,726,0,0,0,0,0,0,0,0,0,0,0,0,0,0,0,0,0,0,
Incineroar,727,0,0,0,0,0,0,0,0,0,0,0,0,0,0,0,0,0,0,
Popplio,728,0,0,0,0,0,0,0,0,0,0,0,0,0,0,0,0,0,0,
Brionne,729,0,0,0,0,0,0,0,0,0,0,0,0,0,0,0,0,0,0,
Primarina,730,0,0,0,0,0,0,0,0,0,0,0,0,0,0,0,0,0,0,
Pikipek,731,0,0,0,0,0,0,0,0,0,0,0,0,0,0,0,0,0,0,
Trumbeak,732,0,0,0,0,0,0,0,0,0,0,0,0,0,0,0,0,0,0,
Toucannon,733,0,0,0,0,0,0,0,0,0,0,0,0,0,0,0,0,0,0,
Yungoos,734,0,0,0,0,0,0,0,0,0,0,0,0,0,0,0,0,0,0,
Gumshoos,735,0,0,0,0,0,0,0,0,0,0,0,0,0,0,0,0,0,0,
Grubbin,736,0,0,0,0,0,0,0,0,0,0,0,0,27,34,0,0,0,0,
Charjabug,737,0,0,0,0,0,0,0,0,0,0,0,0,28,35,0,0,0,0,
Vikavolt,738,0,0,0,0,0,0,0,0,0,0,0,0,29,36,0,0,0,0,
Crabrawler,739,0,0,0,0,0,0,0,0,0,0,0,0,59,71,0,0,0,0,
Crabominable,740,0,0,0,0,0,0,0,0,0,0,0,0,60,72,0,0,0,0,
Oricorio,741,0,0,0,0,0,0,0,0,0,0,0,0,82,97,0,0,0,0,
Cutiefly,742,0,0,0,0,0,0,0,0,0,0,0,0,83,98,0,0,0,0,
Ribombee,743,0,0,0,0,0,0,0,0,0,0,0,0,84,99,0,0,0,0,
Rockruff,744,0,0,0,0,0,0,0,0,0,0,0,0,103,126,0,157,0,0,
Lycanroc,745,0,0,0,0,0,0,0,0,0,0,0,0,104,127,0,158,0,0,
Wishiwashi,746,0,0,0,0,0,0,0,0,0,0,0,0,110,133,155,110,0,0,
Mareanie,747,0,0,0,0,0,0,0,0,0,0,0,0,113,136,307,127,0,0,
Toxapex,748,0,0,0,0,0,0,0,0,0,0,0,0,114,137,308,128,0,0,
Mudbray,749,0,0,0,0,0,0,0,0,0,0,0,0,132,165,0,0,0,0,
Mudsdale,750,0,0,0,0,0,0,0,0,0,0,0,0,133,166,0,0,0,0,
Dewpider,751,0,0,0,0,0,0,0,0,0,0,0,0,141,174,0,0,0,0,
Araquanid,752,0,0,0,0,0,0,0,0,0,0,0,0,142,175,0,0,0,0,
Fomantis,753,0,0,0,0,0,0,0,0,0,0,0,0,143,176,0,17,0,0,
Lurantis,754,0,0,0,0,0,0,0,0,0,0,0,0,144,177,0,18,0,0,
Morelull,755,0,0,0,0,0,0,0,0,0,0,0,0,145,178,0,0,0,0,
Shiinotic,756,0,0,0,0,0,0,0,0,0,0,0,0,146,179,0,0,0,0,
Salandit,757,0,0,0,0,0,0,0,0,0,0,0,0,161,195,244,159,0,0,
Salazzle,758,0,0,0,0,0,0,0,0,0,0,0,0,162,196,245,160,0,0,
Stufful,759,0,0,0,0,0,0,0,0,0,0,0,0,169,205,0,0,0,0,
Bewear,760,0,0,0,0,0,0,0,0,0,0,0,0,170,206,0,0,0,0,
Bounsweet,761,0,0,0,0,0,0,0,0,0,0,0,0,171,207,0,0,0,0,
Steenee,762,0,0,0,0,0,0,0,0,0,0,0,0,172,208,0,0,0,0,
Tsareena,763,0,0,0,0,0,0,0,0,0,0,0,0,173,209,0,0,0,0,
Comfey,764,0,0,0,0,0,0,0,0,0,0,0,0,174,210,0,79,0,0,
Oranguru,765,0,0,0,0,0,0,0,0,0,0,0,0,176,215,342,89,0,0,
Passimian,766,0,0,0,0,0,0,0,0,0,0,0,0,177,216,343,90,0,0,
Wimpod,767,0,0,0,0,0,0,0,0,0,0,0,0,182,221,232,124,0,0,
Golisopod,768,0,0,0,0,0,0,0,0,0,0,0,0,183,222,233,125,0,0,
Sandygast,769,0,0,0,0,0,0,0,0,0,0,0,0,186,225,0,133,0,0,
Palossand,770,0,0,0,0,0,0,0,0,0,0,0,0,187,226,0,134,0,0,
Pyukumuku,771,0,0,0,0,0,0,0,0,0,0,0,0,200,256,0,0,0,0,
Type: Null,772,0,0,0,0,0,0,0,0,0,0,0,0,203,259,0,0,0,0,
Silvally,773,0,0,0,0,0,0,0,0,0,0,0,0,204,260,0,0,0,0,
Minior,774,0,0,0,0,0,0,0,0,0,0,0,0,213,277,0,0,0,0,
Komala,775,0,0,0,0,0,0,0,0,0,0,0,0,222,286,0,0,0,0,
Turtonator,776,0,0,0,0,0,0,0,0,0,0,0,0,224,288,0,0,0,0,
Togedemaru,777,0,0,0,0,0,0,0,0,0,0,0,0,225,292,0,0,0,0,
Mimikyu,778,0,0,0,0,0,0,0,0,0,0,0,0,242,315,0,0,0,0,
Bruxish,779,0,0,0,0,0,0,0,0,0,0,0,0,243,320,0,0,0,0,
Drampa,780,0,0,0,0,0,0,0,0,0,0,0,0,244,321,0,0,0,0,
Dhelmise,781,0,0,0,0,0,0,0,0,0,0,0,0,263,344,0,0,0,0,
Jangmo-o,782,0,0,0,0,0,0,0,0,0,0,0,0,271,361,392,165,0,0,
Hakamo-o,783,0,0,0,0,0,0,0,0,0,0,0,0,272,362,393,166,0,0,
Kommo-o,784,0,0,0,0,0,0,0,0,0,0,0,0,273,363,394,167,0,0,
Tapu Koko,785,0,0,0,0,0,0,0,0,0,0,0,0,285,383,0,0,0,0,
Tapu Lele,786,0,0,0,0,0,0,0,0,0,0,0,0,286,384,0,0,0,0,
Tapu Bulu,787,0,0,0,0,0,0,0,0,0,0,0,0,287,385,0,0,0,0,
Tapu Fini,788,0,0,0,0,0,0,0,0,0,0,0,0,288,386,0,0,0,0,
Cosmog,789,0,0,0,0,0,0,0,0,0,0,0,0,289,387,0,0,0,0,
Cosmoem,790,0,0,0,0,0,0,0,0,0,0,0,0,290,388,0,0,0,0,
Solgaleo,791,0,0,0,0,0,0,0,0,0,0,0,0,291,389,0,0,0,0,
Lunala,792,0,0,0,0,0,0,0,0,0,0,0,0,292,390,0,0,0,0,
Nihilego,793,0,0,0,0,0,0,0,0,0,0,0,0,293,391,0,0,0,0,
Buzzwole,794,0,0,0,0,0,0,0,0,0,0,0,0,294,394,0,0,0,0,
Pheromosa,795,0,0,0,0,0,0,0,0,0,0,0,0,295,395,0,0,0,0,
Xurkitree,796,0,0,0,0,0,0,0,0,0,0,0,0,296,396,0,0,0,0,
Celesteela,797,0,0,0,0,0,0,0,0,0,0,0,0,297,397,0,0,0,0,
Kartana,798,0,0,0,0,0,0,0,0,0,0,0,0,298,398,0,0,0,0,
Guzzlord,799,0,0,0,0,0,0,0,0,0,0,0,0,299,399,0,0,0,0,
Necrozma,800,0,0,0,0,0,0,0,0,0,0,0,0,300,400,0,0,0,0,
Magearna,801,0,0,0,0,0,0,0,0,0,0,0,0,301,401,0,0,0,0,
Marshadow,802,0,0,0,0,0,0,0,0,0,0,0,0,302,402,0,0,0,0,
Poipole,803,0,0,0,0,0,0,0,0,0,0,0,0,0,0,0,0,0,0,
Naganadel,804,0,0,0,0,0,0,0,0,0,0,0,0,0,0,0,0,0,0,
Stakataka,805,0,0,0,0,0,0,0,0,0,0,0,0,0,0,0,0,0,0,
Blacephalon,806,0,0,0,0,0,0,0,0,0,0,0,0,0,0,0,0,0,0,
Zeraora,807,0,0,0,0,0,0,0,0,0,0,0,0,0,0,0,0,0,0,
Meltan,808,152,0,0,0,0,0,0,0,0,0,0,0,0,0,0,0,0,0,
Melmetal,809,153,0,0,0,0,0,0,0,0,0,0,0,0,0,0,0,0,0,
Grookey,810,0,0,0,0,0,0,0,0,0,0,0,0,0,0,0,0,0,0,
Thwackey,811,0,0,0,0,0,0,0,0,0,0,0,0,0,0,0,0,0,0,
Rillaboom,812,0,0,0,0,0,0,0,0,0,0,0,0,0,0,0,0,0,0,
Scorbunny,813,0,0,0,0,0,0,0,0,0,0,0,0,0,0,0,0,0,0,
Raboot,814,0,0,0,0,0,0,0,0,0,0,0,0,0,0,0,0,0,0,
Cinderace,815,0,0,0,0,0,0,0,0,0,0,0,0,0,0,0,0,0,0,
Sobble,816,0,0,0,0,0,0,0,0,0,0,0,0,0,0,0,0,0,0,
Drizzile,817,0,0,0,0,0,0,0,0,0,0,0,0,0,0,0,0,0,0,
Inteleon,818,0,0,0,0,0,0,0,0,0,0,0,0,0,0,0,0,0,0,
Skwovet,819,0,0,0,0,0,0,0,0,0,0,0,0,0,0,24,9,5,0,
Greedent,820,0,0,0,0,0,0,0,0,0,0,0,0,0,0,25,10,6,0,
Rookidee,821,0,0,0,0,0,0,0,0,0,0,0,0,0,0,0,0,0,0,
Corvisquire,822,0,0,0,0,0,0,0,0,0,0,0,0,0,0,0,0,0,0,
Corviknight,823,0,0,0,0,0,0,0,0,0,0,0,0,0,0,0,0,0,0,
Blipbug,824,0,0,0,0,0,0,0,0,0,0,0,0,0,0,10,14,0,0,
Dottler,825,0,0,0,0,0,0,0,0,0,0,0,0,0,0,11,15,0,0,
Orbeetle,826,0,0,0,0,0,0,0,0,0,0,0,0,0,0,12,16,0,0,
Nickit,827,0,0,0,0,0,0,0,0,0,0,0,0,0,0,0,0,0,0,
Thievul,828,0,0,0,0,0,0,0,0,0,0,0,0,0,0,0,0,0,0,
Gossifleur,829,0,0,0,0,0,0,0,0,0,0,0,0,0,0,0,0,0,0,
Eldegoss,830,0,0,0,0,0,0,0,0,0,0,0,0,0,0,0,0,0,0,
Wooloo,831,0,0,0,0,0,0,0,0,0,0,0,0,0,0,0,0,3,0,
Dubwool,832,0,0,0,0,0,0,0,0,0,0,0,0,0,0,0,0,4,0,
Chewtle,833,0,0,0,0,0,0,0,0,0,0,0,0,0,0,42,56,0,0,
Drednaw,834,0,0,0,0,0,0,0,0,0,0,0,0,0,0,43,57,0,0,
Yamper,835,0,0,0,0,0,0,0,0,0,0,0,0,0,0,0,0,0,0,
Boltund,836,0,0,0,0,0,0,0,0,0,0,0,0,0,0,0,0,0,0,
Rolycoly,837,0,0,0,0,0,0,0,0,0,0,0,0,0,0,0,0,0,0,
Carkol,838,0,0,0,0,0,0,0,0,0,0,0,0,0,0,0,0,0,0,
Coalossal,839,0,0,0,0,0,0,0,0,0,0,0,0,0,0,0,0,0,0,
Applin,840,0,0,0,0,0,0,0,0,0,0,0,0,0,0,205,19,0,0,
Flapple,841,0,0,0,0,0,0,0,0,0,0,0,0,0,0,206,20,0,0,
Appletun,842,0,0,0,0,0,0,0,0,0,0,0,0,0,0,207,21,0,0,
Silicobra,843,0,0,0,0,0,0,0,0,0,0,0,0,0,0,312,174,0,270,
Sandaconda,844,0,0,0,0,0,0,0,0,0,0,0,0,0,0,313,175,0,271,
Cramorant,845,0,0,0,0,0,0,0,0,0,0,0,0,0,0,309,93,0,0,
Arrokuda,846,0,0,0,0,0,0,0,0,0,0,0,0,0,0,180,96,0,136,
Barraskewda,847,0,0,0,0,0,0,0,0,0,0,0,0,0,0,181,97,0,137,
Toxel,848,0,0,0,0,0,0,0,0,0,0,0,0,0,0,0,0,0,198,
Toxtricity,849,0,0,0,0,0,0,0,0,0,0,0,0,0,0,0,0,0,199,
Sizzlipede,850,0,0,0,0,0,0,0,0,0,0,0,0,0,0,0,0,0,0,
Centiskorch,851,0,0,0,0,0,0,0,0,0,0,0,0,0,0,0,0,0,0,
Clobbopus,852,0,0,0,0,0,0,0,0,0,0,0,0,0,0,351,129,0,0,
Grapploct,853,0,0,0,0,0,0,0,0,0,0,0,0,0,0,352,130,0,0,
Sinistea,854,0,0,0,0,0,0,0,0,0,0,0,0,0,0,335,0,132,237,
Polteageist,855,0,0,0,0,0,0,0,0,0,0,0,0,0,0,336,0,133,238,
Hatenna,856,0,0,0,0,0,0,0,0,0,0,0,0,0,0,241,0,40,282,
Hattrem,857,0,0,0,0,0,0,0,0,0,0,0,0,0,0,242,0,41,283,
Hatterene,858,0,0,0,0,0,0,0,0,0,0,0,0,0,0,243,0,42,284,
Impidimp,859,0,0,0,0,0,0,0,0,0,0,0,0,0,0,238,0,36,285,
Morgrem,860,0,0,0,0,0,0,0,0,0,0,0,0,0,0,239,0,38,286,
Grimmsnarl,861,0,0,0,0,0,0,0,0,0,0,0,0,0,0,240,0,39,287,
Obstagoon,862,0,0,0,0,0,0,0,0,0,0,0,0,0,0,0,0,0,0,
Perrserker,863,0,0,0,0,0,0,0,0,0,0,0,0,0,0,0,0,0,0,
Cursola,864,0,0,0,0,0,0,0,0,0,0,0,0,0,0,0,0,0,0,
Sirfetch'd,865,0,0,0,0,0,0,0,0,0,0,0,0,0,0,0,0,0,0,
Mr. Rime,866,0,0,0,0,0,0,0,0,0,0,0,0,0,0,366,0,12,0,
Runerigus,867,0,0,0,0,0,0,0,0,0,0,0,0,0,0,0,0,0,0,
Milcery,868,0,0,0,0,0,0,0,0,0,0,0,0,0,0,0,0,0,0,
Alcremie,869,0,0,0,0,0,0,0,0,0,0,0,0,0,0,0,0,0,0,
Falinks,870,0,0,0,0,0,0,0,0,0,0,0,0,0,0,0,0,0,300,
Pincurchin,871,0,0,0,0,0,0,0,0,0,0,0,0,0,0,353,126,158,321,
Snom,872,0,0,0,0,0,0,0,0,0,0,0,0,0,0,349,0,1,350,
Frosmoth,873,0,0,0,0,0,0,0,0,0,0,0,0,0,0,350,0,2,351,
Stonjourner,874,0,0,0,0,0,0,0,0,0,0,0,0,0,0,369,0,89,319,
Eiscue,875,0,0,0,0,0,0,0,0,0,0,0,0,0,0,370,0,90,320,
Indeedee,876,0,0,0,0,0,0,0,0,0,0,0,0,0,0,337,0,171,241,
Morpeko,877,0,0,0,0,0,0,0,0,0,0,0,0,0,0,344,104,157,0,
Cufant,878,0,0,0,0,0,0,0,0,0,0,0,0,0,0,302,0,108,124,
Copperajah,879,0,0,0,0,0,0,0,0,0,0,0,0,0,0,303,0,109,125,
Dracozolt,880,0,0,0,0,0,0,0,0,0,0,0,0,0,0,0,0,0,0,
Arctozolt,881,0,0,0,0,0,0,0,0,0,0,0,0,0,0,0,0,0,0,
Dracovish,882,0,0,0,0,0,0,0,0,0,0,0,0,0,0,0,0,0,0,
Arctovish,883,0,0,0,0,0,0,0,0,0,0,0,0,0,0,0,0,0,0,
Duraludon,884,0,0,0,0,0,0,0,0,0,0,0,0,0,0,0,0,0,0,
Dreepy,885,0,0,0,0,0,0,0,0,0,0,0,0,0,0,0,0,110,305,
Drakloak,886,0,0,0,0,0,0,0,0,0,0,0,0,0,0,0,0,111,306,
Dragapult,887,0,0,0,0,0,0,0,0,0,0,0,0,0,0,0,0,112,307,
Zacian,888,0,0,0,0,0,0,0,0,0,0,0,0,0,0,0,0,0,0,
Zamazenta,889,0,0,0,0,0,0,0,0,0,0,0,0,0,0,0,0,0,0,
Eternatus,890,0,0,0,0,0,0,0,0,0,0,0,0,0,0,0,0,0,0,
Kubfu,891,0,0,0,0,0,0,0,0,0,0,0,0,0,0,0,100,0,0,
Urshifu,892,0,0,0,0,0,0,0,0,0,0,0,0,0,0,0,101,0,0,
Zarude,893,0,0,0,0,0,0,0,0,0,0,0,0,0,0,0,211,0,0,
Regieleki,894,0,0,0,0,0,0,0,0,0,0,0,0,0,0,0,0,0,0,
Regidrago,895,0,0,0,0,0,0,0,0,0,0,0,0,0,0,0,0,0,0,
Glastrier,896,0,0,0,0,0,0,0,0,0,0,0,0,0,0,0,0,0,0,
Spectrier,897,0,0,0,0,0,0,0,0,0,0,0,0,0,0,0,0,0,0,
Calyrex,898,0,0,0,0,0,0,0,0,0,0,0,0,0,0,0,0,0,0,
Wyrdeer,899,0,0,0,0,0,0,0,0,0,0,0,0,0,0,0,0,0,0,50
Kleavor,900,0,0,0,0,0,0,0,0,0,0,0,0,0,0,0,0,0,0,73
Ursaluna,901,0,0,0,0,0,0,0,0,0,0,0,0,0,0,0,0,0,0,114
Sneasler,903,0,0,0,0,0,0,0,0,0,0,0,0,0,0,0,0,0,0,203
Overqwil,904,0,0,0,0,0,0,0,0,0,0,0,0,0,0,0,0,0,0,85
Sprigatito,906,0,0,0,0,0,0,0,0,0,0,0,0,0,0,0,0,0,1,
Floragato,907,0,0,0,0,0,0,0,0,0,0,0,0,0,0,0,0,0,2,
Meowscarada,908,0,0,0,0,0,0,0,0,0,0,0,0,0,0,0,0,0,3,
Fuecoco,909,0,0,0,0,0,0,0,0,0,0,0,0,0,0,0,0,0,4,
Crocalor,910,0,0,0,0,0,0,0,0,0,0,0,0,0,0,0,0,0,5,
Skeledirge,911,0,0,0,0,0,0,0,0,0,0,0,0,0,0,0,0,0,6,
Quaxly,912,0,0,0,0,0,0,0,0,0,0,0,0,0,0,0,0,0,7,
Quaxwell,913,0,0,0,0,0,0,0,0,0,0,0,0,0,0,0,0,0,8,
Quaquaval,914,0,0,0,0,0,0,0,0,0,0,0,0,0,0,0,0,0,9,
Lechonk,915,0,0,0,0,0,0,0,0,0,0,0,0,0,0,0,0,0,10,
Oinkologne,916,0,0,0,0,0,0,0,0,0,0,0,0,0,0,0,0,0,11,
Tarountula,917,0,0,0,0,0,0,0,0,0,0,0,0,0,0,0,0,0,12,
Spidops,918,0,0,0,0,0,0,0,0,0,0,0,0,0,0,0,0,0,13,
Nymble,919,0,0,0,0,0,0,0,0,0,0,0,0,0,0,0,0,0,14,
Lokix,920,0,0,0,0,0,0,0,0,0,0,0,0,0,0,0,0,0,15,
Pawmi,921,0,0,0,0,0,0,0,0,0,0,0,0,0,0,0,0,0,22,
Pawmo,922,0,0,0,0,0,0,0,0,0,0,0,0,0,0,0,0,0,23,
Pawmot,923,0,0,0,0,0,0,0,0,0,0,0,0,0,0,0,0,0,24,
Tandemaus,924,0,0,0,0,0,0,0,0,0,0,0,0,0,0,0,0,0,71,
Maushold,925,0,0,0,0,0,0,0,0,0,0,0,0,0,0,0,0,0,72,
Fidough,926,0,0,0,0,0,0,0,0,0,0,0,0,0,0,0,0,0,76,
Dachsbun,927,0,0,0,0,0,0,0,0,0,0,0,0,0,0,0,0,0,77,
Smoliv,928,0,0,0,0,0,0,0,0,0,0,0,0,0,0,0,0,0,84,
Dolliv,929,0,0,0,0,0,0,0,0,0,0,0,0,0,0,0,0,0,85,
Arboliva,930,0,0,0,0,0,0,0,0,0,0,0,0,0,0,0,0,0,86,
Squawkabilly,931,0,0,0,0,0,0,0,0,0,0,0,0,0,0,0,0,0,113,
Nacli,932,0,0,0,0,0,0,0,0,0,0,0,0,0,0,0,0,0,129,
Naclstack,933,0,0,0,0,0,0,0,0,0,0,0,0,0,0,0,0,0,130,
Garganacl,934,0,0,0,0,0,0,0,0,0,0,0,0,0,0,0,0,0,131,
Charcadet,935,0,0,0,0,0,0,0,0,0,0,0,0,0,0,0,0,0,165,
Armarouge,936,0,0,0,0,0,0,0,0,0,0,0,0,0,0,0,0,0,166,
Ceruledge,937,0,0,0,0,0,0,0,0,0,0,0,0,0,0,0,0,0,167,
Tadbulb,938,0,0,0,0,0,0,0,0,0,0,0,0,0,0,0,0,0,170,
Bellibolt,939,0,0,0,0,0,0,0,0,0,0,0,0,0,0,0,0,0,171,
Wattrel,940,0,0,0,0,0,0,0,0,0,0,0,0,0,0,0,0,0,177,
Kilowattrel,941,0,0,0,0,0,0,0,0,0,0,0,0,0,0,0,0,0,178,
Maschiff,942,0,0,0,0,0,0,0,0,0,0,0,0,0,0,0,0,0,196,
Mabosstiff,943,0,0,0,0,0,0,0,0,0,0,0,0,0,0,0,0,0,197,
Shroodle,944,0,0,0,0,0,0,0,0,0,0,0,0,0,0,0,0,0,202,
Grafaiai,945,0,0,0,0,0,0,0,0,0,0,0,0,0,0,0,0,0,203,
Bramblin,946,0,0,0,0,0,0,0,0,0,0,0,0,0,0,0,0,0,242,
Brambleghast,947,0,0,0,0,0,0,0,0,0,0,0,0,0,0,0,0,0,243,
Toedscool,948,0,0,0,0,0,0,0,0,0,0,0,0,0,0,0,0,0,244,
Toedscruel,949,0,0,0,0,0,0,0,0,0,0,0,0,0,0,0,0,0,245,
Klawf,950,0,0,0,0,0,0,0,0,0,0,0,0,0,0,0,0,0,249,
Capsakid,951,0,0,0,0,0,0,0,0,0,0,0,0,0,0,0,0,0,250,
Scovillain,952,0,0,0,0,0,0,0,0,0,0,0,0,0,0,0,0,0,251,
Rellor,953,0,0,0,0,0,0,0,0,0,0,0,0,0,0,0,0,0,254,
Rabsca,954,0,0,0,0,0,0,0,0,0,0,0,0,0,0,0,0,0,255,
Flittle,955,0,0,0,0,0,0,0,0,0,0,0,0,0,0,0,0,0,263,
Espathra,956,0,0,0,0,0,0,0,0,0,0,0,0,0,0,0,0,0,264,
Tinkatink,957,0,0,0,0,0,0,0,0,0,0,0,0,0,0,0,0,0,279,
Tinkatuff,958,0,0,0,0,0,0,0,0,0,0,0,0,0,0,0,0,0,280,
Tinkaton,959,0,0,0,0,0,0,0,0,0,0,0,0,0,0,0,0,0,281,
Wiglett,960,0,0,0,0,0,0,0,0,0,0,0,0,0,0,0,0,0,288,
Wugtrio,961,0,0,0,0,0,0,0,0,0,0,0,0,0,0,0,0,0,289,
Bombirdier,962,0,0,0,0,0,0,0,0,0,0,0,0,0,0,0,0,0,290,
Finizen,963,0,0,0,0,0,0,0,0,0,0,0,0,0,0,0,0,0,291,
Palafin,964,0,0,0,0,0,0,0,0,0,0,0,0,0,0,0,0,0,292,
Varoom,965,0,0,0,0,0,0,0,0,0,0,0,0,0,0,0,0,0,293,
Revavroom,966,0,0,0,0,0,0,0,0,0,0,0,0,0,0,0,0,0,294,
Cyclizar,967,0,0,0,0,0,0,0,0,0,0,0,0,0,0,0,0,0,295,
Orthworm,968,0,0,0,0,0,0,0,0,0,0,0,0,0,0,0,0,0,296,
Glimmet,969,0,0,0,0,0,0,0,0,0,0,0,0,0,0,0,0,0,308,
Glimmora,970,0,0,0,0,0,0,0,0,0,0,0,0,0,0,0,0,0,309,
Greavard,971,0,0,0,0,0,0,0,0,0,0,0,0,0,0,0,0,0,311,
Houndstone,972,0,0,0,0,0,0,0,0,0,0,0,0,0,0,0,0,0,312,
Flamigo,973,0,0,0,0,0,0,0,0,0,0,0,0,0,0,0,0,0,346,
Cetoddle,974,0,0,0,0,0,0,0,0,0,0,0,0,0,0,0,0,0,361,
Cetitan,975,0,0,0,0,0,0,0,0,0,0,0,0,0,0,0,0,0,362,
Veluza,976,0,0,0,0,0,0,0,0,0,0,0,0,0,0,0,0,0,373,
Dondozo,977,0,0,0,0,0,0,0,0,0,0,0,0,0,0,0,0,0,374,
Tatsugiri,978,0,0,0,0,0,0,0,0,0,0,0,0,0,0,0,0,0,375,
Annihilape,979,0,0,0,0,0,0,0,0,0,0,0,0,0,0,0,0,0,160,
Clodsire,980,0,0,0,0,0,0,0,0,0,0,0,0,0,0,0,0,0,54,
Farigiraf,981,0,0,0,0,0,0,0,0,0,0,0,0,0,0,0,0,0,193,
Dudunsparce,982,0,0,0,0,0,0,0,0,0,0,0,0,0,0,0,0,0,189,
Kingambit,983,0,0,0,0,0,0,0,0,0,0,0,0,0,0,0,0,0,369,
Great Tusk,984,0,0,0,0,0,0,0,0,0,0,0,0,0,0,0,0,0,376,
Scream Tail,985,0,0,0,0,0,0,0,0,0,0,0,0,0,0,0,0,0,377,
Brute Bonnet,986,0,0,0,0,0,0,0,0,0,0,0,0,0,0,0,0,0,378,
Flutter Mane,987,0,0,0,0,0,0,0,0,0,0,0,0,0,0,0,0,0,379,
Slither Wing,988,0,0,0,0,0,0,0,0,0,0,0,0,0,0,0,0,0,380,
Sandy Shocks,989,0,0,0,0,0,0,0,0,0,0,0,0,0,0,0,0,0,381,
Iron Treads,990,0,0,0,0,0,0,0,0,0,0,0,0,0,0,0,0,0,382,
Iron Bundle,991,0,0,0,0,0,0,0,0,0,0,0,0,0,0,0,0,0,383,
Iron Hands,992,0,0,0,0,0,0,0,0,0,0,0,0,0,0,0,0,0,384,
Iron Jugulis,993,0,0,0,0,0,0,0,0,0,0,0,0,0,0,0,0,0,385,
Iron Moth,994,0,0,0,0,0,0,0,0,0,0,0,0,0,0,0,0,0,386,
Iron Thorns,995,0,0,0,0,0,0,0,0,0,0,0,0,0,0,0,0,0,387,
Frigibax,996,0,0,0,0,0,0,0,0,0,0,0,0,0,0,0,0,0,388,
Arctibax,997,0,0,0,0,0,0,0,0,0,0,0,0,0,0,0,0,0,389,
Baxcalibur,998,0,0,0,0,0,0,0,0,0,0,0,0,0,0,0,0,0,390,
Gimmighoul,999,0,0,0,0,0,0,0,0,0,0,0,0,0,0,0,0,0,391,
Gholdengo,1000,0,0,0,0,0,0,0,0,0,0,0,0,0,0,0,0,0,382,
Wo-Chien,1001,0,0,0,0,0,0,0,0,0,0,0,0,0,0,0,0,0,393,
Chien-Pao,1002,0,0,0,0,0,0,0,0,0,0,0,0,0,0,0,0,0,394,
Ting-Lu,1003,0,0,0,0,0,0,0,0,0,0,0,0,0,0,0,0,0,395,
Chi-Yu,1004,0,0,0,0,0,0,0,0,0,0,0,0,0,0,0,0,0,396,
Roaring Moon,1005,0,0,0,0,0,0,0,0,0,0,0,0,0,0,0,0,0,397,
Iron Valiant,1006,0,0,0,0,0,0,0,0,0,0,0,0,0,0,0,0,0,397,
Koraidon,1007,0,0,0,0,0,0,0,0,0,0,0,0,0,0,0,0,0,399,
Miraidon,1008,0,0,0,0,0,0,0,0,0,0,0,0,0,0,0,0,0,400,
Walking Wake,1009,0,0,0,0,0,0,0,0,0,0,0,0,0,0,0,0,0,0,
Iron Leaves,1010,0,0,0,0,0,0,0,0,0,0,0,0,0,0,0,0,0,0,
Ogerpon,,0,0,0,0,0,0,0,0,0,0,0,0,0,0,0,0,0,0,
Munkidori,,0,0,0,0,0,0,0,0,0,0,0,0,0,0,0,0,0,0,
Fezandipiti,,0,0,0,0,0,0,0,0,0,0,0,0,0,0,0,0,0,0,
Okidogi,,0,0,0,0,0,0,0,0,0,0,0,0,0,0,0,0,0,0,
Terapagos,,0,0,0,0,0,0,0,0,0,0,0,0,0,0,0,0,0,0,
